mlbam,fgid,name,war,ip,gs,g
543037,13125,Gerrit Cole,2.370336734983203,74.0,12.0,12.0
594798,10954,Jacob deGrom,1.9153855770679649,68.0,11.0,11.0
544931,10131,Stephen Strasburg,1.9050878384550647,68.0,11.0,11.0
608337,15474,Lucas Giolito,1.8935545726125722,65.0,11.0,11.0
519242,10603,Chris Sale,1.8586300279100902,61.0,10.0,10.0
453286,3137,Max Scherzer,1.8151632305148448,64.0,10.0,10.0
434378,8700,Justin Verlander,1.8139529689032574,70.0,11.0,11.0
592789,11762,Noah Syndergaard,1.7966245480111496,69.0,11.0,11.0
622663,15890,Luis Severino,1.7957150872775922,62.0,10.0,10.0
669456,19427,Shane Bieber,1.7709605574754617,72.0,11.0,12.0
656427,17479,Jack Flaherty,1.6988372756347256,70.0,12.0,12.0
545333,12703,Trevor Bauer,1.5396541194332014,70.0,11.0,11.0
621111,19374,Walker Buehler,1.5082062409055668,62.0,11.0,11.0
608566,15038,Germán Márquez,1.50308917807365,67.0,11.0,11.0
605400,16149,Aaron Nola,1.4972545710923413,72.0,12.0,12.0
477132,2036,Clayton Kershaw,1.4826459429694883,62.0,10.0,10.0
647336,18383,Michael Soroka,1.4154164636789512,65.0,11.0,11.0
571578,9323,Patrick Corbin,1.4124678213317878,68.0,11.0,11.0
622491,15689,Luis Castillo,1.4025424131325865,65.0,11.0,11.0
450203,4676,Charlie Morton,1.3879716882454045,59.0,10.0,10.0
605483,13543,Blake Snell,1.3821667707545036,50.0,10.0,10.0
506433,13074,Yu Darvish,1.320249360666239,57.0,10.0,10.0
458681,2520,Lance Lynn,1.3033624031924544,64.0,11.0,11.0
621244,14168,José Berríos,1.2933686769830137,70.0,12.0,12.0
543243,12768,Sonny Gray,1.2799688555793851,59.0,10.0,10.0
572020,11828,James Paxton,1.2709190492133264,53.0,10.0,10.0
554430,10310,Zack Wheeler,1.2704070419498321,66.0,11.0,11.0
446372,2429,Corey Kluber,1.2552004024167704,54.0,9.0,9.0
571510,15440,Matthew Boyd,1.2527000887875217,64.0,11.0,11.0
605182,12808,Mike Clevinger,1.1992948803543906,54.0,10.0,10.0
573186,13431,Marcus Stroman,1.1888456596626535,63.0,11.0,11.0
592332,14107,Kevin Gausman,1.1595645053392174,56.0,10.0,10.0
425844,1943,Zack Greinke,1.154700012348287,67.0,11.0,11.0
543294,12049,Kyle Hendricks,1.1459057895207123,63.0,11.0,11.0
501985,10021,Mike Minor,1.1407375827890347,64.0,10.0,10.0
663978,20099,Chris Paddack,1.1367312508246274,59.0,10.0,10.0
608331,13743,Max Fried,1.1050671328515285,57.0,10.0,12.0
592351,14916,Jon Gray,1.0638373062790463,58.0,10.0,10.0
543606,6397,Jake Odorizzi,1.0632072201602845,55.0,11.0,11.0
592662,11486,Robbie Ray,1.0360592207913377,61.0,11.0,11.0
593958,13164,Eduardo Rodriguez,1.0292279197548926,65.0,11.0,11.0
668678,19291,Zac Gallen,1.0275631185186394,59.0,11.0,11.0
500779,11423,Jose Quintana,1.000157870021896,61.0,11.0,11.0
502042,6345,Chris Archer,0.9892893089878647,52.0,10.0,10.0
547888,15764,Masahiro Tanaka,0.975844896707572,62.0,11.0,11.0
628317,18498,Kenta Maeda,0.9499602086283362,50.0,9.0,13.0
605397,12970,Joe Musgrove,0.9478861065845998,57.0,10.0,11.0
593423,14309,Frankie Montas,0.9467148026288591,48.0,9.0,9.0
607192,14374,Tyler Glasnow,0.9435982156831909,44.0,8.0,8.0
571760,15423,Andrew Heaney,0.9400345429128846,49.0,9.0,9.0
456034,3184,David Price,0.9358924673485914,48.0,9.0,9.0
625643,16400,Reynaldo López,0.9330389939267704,63.0,11.0,11.0
592791,11674,Jameson Taillon,0.9318557648719339,50.0,9.0,9.0
572971,9434,Dallas Keuchel,0.9204479555605629,60.0,10.0,10.0
677976,23798,Randy Dobnak,0.9201828058557479,54.0,9.0,12.0
547943,14444,Hyun Jin Ryu,0.9140896935890787,53.0,9.0,9.0
664192,19320,Joey Lucchesi,0.9133569016293244,54.0,10.0,10.0
605164,12917,Dylan Bundy,0.909690592091318,58.0,10.0,10.0
592866,16977,Trevor Williams,0.9026415147316182,54.0,10.0,10.0
594835,15467,Marco Gonzales,0.9020520191473382,63.0,11.0,11.0
641816,16358,Tyler Mahle,0.8818508020232126,54.0,11.0,11.0
669160,19716,Dustin May,0.8697535556632003,52.0,9.0,12.0
605540,16162,Brandon Woodruff,0.864253761549531,45.0,9.0,10.0
592314,10811,Mike Foltynewicz,0.8585876153779964,58.0,11.0,11.0
656713,20186,Brendan McKay,0.8480671184369823,43.0,9.0,10.0
471911,6632,Carlos Carrasco,0.8402512466414946,49.0,8.0,10.0
607644,16269,John Means,0.8355878010662225,57.0,10.0,11.0
656605,17594,Mitch Keller,0.8229540415068073,54.0,10.0,10.0
519144,2717,Rick Porcello,0.8193405985262684,62.0,11.0,11.0
623352,14212,Josh Hader,0.806231248344516,27.0,0.0,23.0
592761,14875,Caleb Smith,0.8017030510287997,50.0,9.0,10.0
669022,22201,MacKenzie Gore,0.7943319855170973,34.0,8.0,8.0
656302,18525,Dylan Cease,0.7861571938290793,51.0,10.0,10.0
457918,7410,J.A. Happ,0.7723604190545958,51.0,9.0,10.0
656849,20302,David Peterson,0.7690593572299347,45.0,9.0,9.0
663465,18694,Kolby Allard,0.7625749682676652,54.0,10.0,11.0
642232,16502,Ryan Yarbrough,0.7607455600426292,56.0,6.0,12.0
547942,27458,Kwang Hyun Kim,0.7592136978421472,58.0,10.0,10.0
669060,19990,Bryse Wilson,0.7467347830792134,53.0,10.0,10.0
543699,8753,Tanner Roark,0.73896073190712,56.0,10.0,10.0
461829,7448,Gio Gonzalez,0.738884581219591,54.0,10.0,10.0
601713,15454,Nick Pivetta,0.7304300748577306,51.0,9.0,13.0
669203,19361,Corbin Burnes,0.7131476240687695,35.0,5.0,15.0
656970,19487,Devin Smeltzer,0.7076315356453075,53.0,9.0,12.0
621121,14120,Lance McCullers Jr.,0.7061812987785435,36.0,7.0,7.0
656546,17432,Jeff Hoffman,0.7059508260335732,54.0,10.0,11.0
571945,9803,Miles Mikolas,0.7057701697502659,61.0,11.0,11.0
543101,13050,Anthony DeSclafani,0.7044822587229503,52.0,10.0,10.0
621107,13774,Zach Eflin,0.7021583910100898,56.0,10.0,11.0
668676,19979,Zach Plesac,0.6989410887734119,59.0,11.0,11.0
596057,13475,Daniel Norris,0.6849652950897117,49.0,10.0,11.0
663878,20160,Nate Pearson,0.6832607309790204,35.0,10.0,10.0
641154,17085,Pablo López,0.6824595924563195,47.0,10.0,10.0
681401,sa3006701,Josh Green,0.6783115662420371,46.0,9.0,9.0
663776,19447,Patrick Sandoval,0.6781971960633119,49.0,10.0,11.0
571927,13361,Steven Matz,0.6776194807542573,52.0,10.0,10.0
622072,13781,Alex Wood,0.6701916025403409,37.0,7.0,8.0
430935,4972,Cole Hamels,0.6673786917029949,52.0,10.0,10.0
518516,5524,Madison Bumgarner,0.665291164328439,65.0,11.0,11.0
502043,10123,Kyle Gibson,0.6649464859192667,52.0,9.0,10.0
630023,16401,Yonny Chirinos,0.6625941117916895,50.0,7.0,10.0
626929,15906,Lewis Thorpe,0.6607939454177194,47.0,9.0,11.0
643338,15552,Chad Green,0.6571224371018238,28.0,4.0,21.0
608718,13942,Brent Suter,0.653930891667679,35.0,6.0,10.0
605135,12304,Chris Bassitt,0.6516635998610143,45.0,9.0,10.0
641745,15734,Brad Keller,0.6505107133702598,64.0,11.0,11.0
605288,12718,Adrian Houser,0.6474086642867956,45.0,8.0,14.0
592826,11189,Vince Velasquez,0.6430045593081842,46.0,9.0,11.0
642547,18679,Freddy Peralta,0.6407122804322984,42.0,6.0,16.0
452657,4930,Jon Lester,0.6390788178663792,56.0,10.0,10.0
607536,16256,Kyle Freeland,0.6319626386560849,55.0,10.0,10.0
502190,10130,Mike Leake,0.6293718981920028,59.0,10.0,10.0
548389,13273,Ross Stripling,0.6293326320302781,34.0,6.0,12.0
645261,18684,Sandy Alcantara,0.6248766731752426,72.0,12.0,12.0
501381,5372,Michael Pineda,0.6217472709608273,44.0,8.0,8.0
641576,19561,Bernardo Flores Jr.,0.6209225800549809,55.0,10.0,10.0
605200,13183,Zach Davies,0.6184032092967738,56.0,11.0,11.0
660271,19755,Shohei Ohtani,0.6138495191606336,26.0,4.0,4.0
666200,19959,Jesús Luzardo,0.6134393388569416,29.0,6.0,8.0
672715,22815,Luis Patiño,0.6127477086275608,35.0,8.0,8.0
448179,4806,Rich Hill,0.6105219464888716,32.0,7.0,7.0
458676,7882,Josh Lindblom,0.6099761510420109,53.0,9.0,9.0
685493,27460,Shun Yamaguchi,0.5995221123847227,53.0,9.0,9.0
518633,3542,Danny Duffy,0.5939754625391748,51.0,9.0,9.0
282332,404,CC Sabathia,0.5927273042087672,40.0,8.0,8.0
666159,20369,Matt Manning,0.5875886584067364,45.0,9.0,9.0
664353,18413,José Urquidy,0.584401653122552,52.0,9.0,11.0
641712,19206,Dakota Hudson,0.5816007531022014,63.0,11.0,13.0
593334,17149,Domingo Germán,0.5801137435278292,47.0,8.0,10.0
521230,3548,Liam Hendriks,0.5793162064382452,26.0,0.0,25.0
641302,17735,Tyler Alexander,0.576644981557435,56.0,9.0,11.0
676596,20418,Josh Fleming,0.5759531989924026,52.0,8.0,9.0
453562,4153,Jake Arrieta,0.5705837419571852,48.0,9.0,9.0
596001,13619,Jakob Junis,0.5698079442161702,62.0,11.0,11.0
543475,7593,Jordan Lyles,0.5672837105700748,45.0,8.0,11.0
527048,6902,Martín Pérez,0.5656094057524087,53.0,9.0,10.0
659275,17186,Dinelson Lamet,0.5639559270237473,41.0,9.0,9.0
641778,19316,Eric Lauer,0.5632088859242785,53.0,10.0,11.0
579328,20633,Yusei Kikuchi,0.5616692379066986,53.0,10.0,10.0
543521,7531,Collin McHugh,0.5591336880193807,32.0,4.0,13.0
656629,17282,Michael Kopech,0.5585172335776023,36.0,7.0,7.0
656288,19867,Griffin Canning,0.5542136074902552,39.0,8.0,8.0
670950,19309,Trevor Richards,0.5499629056269906,50.0,9.0,11.0
596133,16918,Luke Weaver,0.5490866154861864,39.0,7.0,8.0
553878,12076,Felipe Vázquez,0.5484251115853591,24.0,0.0,23.0
640455,15873,Sean Manaea,0.5480541141838088,35.0,7.0,7.0
605242,13218,Michael Fulmer,0.5477035622786275,42.0,7.0,7.0
543901,10160,Ryan Weber,0.5383309070748488,40.0,6.0,11.0
663903,25377,Brady Singer,0.5321063649243581,51.0,10.0,10.0
641726,19345,Daulton Jefferies,0.5311481250211669,32.0,6.0,11.0
594965,16110,Daniel Ponce de Leon,0.5300503594457864,44.0,8.0,10.0
518876,11156,Merrill Kelly,0.5289410960034838,58.0,10.0,10.0
607455,14706,Anthony Banda,0.5277683337464083,34.0,6.0,8.0
456051,3292,Hector Noesí,0.5274181504618309,48.0,8.0,10.0
552640,12828,Andrew Kittredge,0.5219254059644013,30.0,2.0,21.0
425794,2233,Adam Wainwright,0.5215835150441179,47.0,9.0,9.0
650644,19479,Aaron Civale,0.5209520816180787,46.0,9.0,9.0
676265,20277,Cory Abbott,0.5164330095615207,49.0,10.0,10.0
628711,14765,Julio Urías,0.5152905308990313,30.0,4.0,14.0
592767,11760,Drew Smyly,0.5104985752951335,45.0,8.0,9.0
669947,19205,Jesse Scholtens,0.5101323393400663,46.0,8.0,9.0
543193,12545,Drew Gagnon,0.50766602313608,41.0,6.0,11.0
663423,17948,Trent Thornton,0.5066089425498531,51.0,10.0,11.0
573124,13449,Taylor Rogers,0.503972588932131,25.0,0.0,23.0
468504,2608,Jhoulys Chacín,0.5024864878206645,46.0,9.0,10.0
656794,16943,Sean Newcomb,0.5015675218931399,46.0,7.0,16.0
669432,22286,Trevor Rogers,0.5003425281294135,48.0,9.0,9.0
621242,14710,Edwin Díaz,0.4990051976880686,25.0,0.0,26.0
656954,17285,Justus Sheffield,0.4963680354594665,56.0,11.0,12.0
675921,23252,Spencer Howard,0.49233643957312767,31.0,7.0,7.0
605538,12804,Matt Wisler,0.4900425227112,39.0,6.0,14.0
624133,17277,Ranger Suarez,0.4880238020550727,43.0,6.0,16.0
663546,21481,Sean Hjelle,0.48523331345851906,49.0,10.0,10.0
643290,19268,Justin Dunn,0.484576485691848,48.0,10.0,10.0
542881,12880,Tyler Anderson,0.4825586585876589,44.0,8.0,8.0
656805,16468,Trevor Oaks,0.47970802824536296,40.0,7.0,7.0
668683,19981,Jeremy Walker,0.47654544768529056,42.0,5.0,13.0
608723,15047,Austin Voth,0.47504945045972163,44.0,9.0,9.0
641771,14975,Chad Kuhl,0.4746574906691262,35.0,7.0,7.0
596043,16980,Daniel Mengden,0.47054577477916465,45.0,7.0,9.0
612792,sa657701,Jesús Castillo,0.4689291468157616,39.0,6.0,14.0
627894,15166,Luiz Gohara,0.4685373782638853,39.0,8.0,10.0
657140,19665,Kyle Wright,0.4671575969100428,48.0,9.0,11.0
676606,20395,Nick Margevicius,0.4657929718996148,48.0,9.0,10.0
606149,14986,Giovanny Gallegos,0.46516459771707386,24.0,0.0,21.0
669952,19225,Mitch White,0.46411138942863117,35.0,8.0,9.0
608379,14078,Michael Wacha,0.4637996589365882,44.0,8.0,9.0
600917,14524,José Leclerc,0.4599229636515762,25.0,0.0,25.0
665733,20383,Antonio Santos,0.45952477948562614,53.0,10.0,10.0
650633,19853,Michael King,0.4589928916063303,41.0,7.0,8.0
642607,15821,Dario Agrazal,0.4587279122658566,52.0,10.0,10.0
621381,13799,Matt Strahm,0.45782582156105284,37.0,5.0,16.0
657624,16794,Josh James,0.4572656886896982,31.0,4.0,13.0
621141,13804,Walker Lockett,0.4572594813698963,42.0,7.0,9.0
656206,sa829808,Jeff Bain,0.45675571089364064,49.0,10.0,10.0
519141,11426,Drew Pomeranz,0.45655675775923393,25.0,0.0,26.0
665665,19754,Reiver Sanmartin,0.45591318705438105,44.0,9.0,9.0
607625,12447,Seth Lugo,0.4557122747387365,28.0,0.0,22.0
657053,16929,Touki Toussaint,0.45374834077824366,43.0,7.0,13.0
656353,19871,Tucker Davidson,0.4533905270011719,43.0,9.0,9.0
669345,sa3008024,Brett Conine,0.4527365012318171,43.0,6.0,10.0
592717,11490,Aaron Sanchez,0.45174439145064194,47.0,9.0,9.0
657277,17995,Logan Webb,0.4447704175631833,37.0,7.0,8.0
621086,19675,James Marvel,0.44345631225980153,55.0,10.0,11.0
643377,20253,Griffin Jax,0.4432617246728764,42.0,8.0,8.0
533167,4776,Matt Shoemaker,0.4424973043989917,26.0,5.0,5.0
676424,20312,Alec Bettinger,0.44080466272131863,49.0,10.0,10.0
660761,19911,José Suarez,0.4371139240341914,44.0,9.0,10.0
665620,20276,Deivi García,0.4346935353254786,40.0,8.0,10.0
621389,14361,Ty Blach,0.43356410070828133,46.0,7.0,11.0
623433,18337,Nick Anderson,0.43287200376105966,22.0,0.0,22.0
643327,14862,Zack Godley,0.43253424730437284,42.0,6.0,10.0
456501,6893,Johnny Cueto,0.4321739106502103,39.0,7.0,7.0
605469,16166,Chandler Shepherd,0.4274495066598445,45.0,8.0,9.0
670625,sa920718,Steven Moyers,0.4265449380724921,55.0,9.0,10.0
621363,19403,Colin Poche,0.42613358796608014,27.0,1.0,23.0
624427,15492,Stephen Gonsalves,0.42574489055467474,39.0,8.0,9.0
605513,16207,Spencer Turnbull,0.42539063210359923,53.0,10.0,10.0
607219,13690,Sal Romano,0.42439138239131535,41.0,6.0,16.0
663969,20629,Tyler Phillips,0.4240092624637819,45.0,9.0,9.0
675912,20243,Zac Lowther,0.42352548451612965,47.0,9.0,9.0
474463,8223,Brett Anderson,0.4216827065904657,50.0,10.0,10.0
669302,22250,Logan Gilbert,0.42072466134620135,45.0,10.0,10.0
656945,17586,Tanner Scott,0.42032760824399107,26.0,0.0,23.0
502188,3254,Jeff Samardzija,0.42010501975086234,52.0,9.0,9.0
645307,17581,Ricardo Sánchez,0.41987051342561843,48.0,10.0,10.0
624526,sa738512,Garrett Williams,0.4158528929058407,39.0,7.0,11.0
547973,10233,Aroldis Chapman,0.41507043837992247,19.0,0.0,20.0
570240,13403,Félix Peña,0.41486788903115673,39.0,5.0,8.0
598264,12863,Matt Barnes,0.41473101832594395,23.0,0.0,24.0
669373,22267,Tarik Skubal,0.4123818575535406,44.0,10.0,10.0
517593,5867,Danny Salazar,0.4120343772501519,27.0,6.0,6.0
643532,19671,Sterling Sharp,0.41134985660439755,37.0,7.0,7.0
676103,23310,Damon Jones,0.4088149546517545,38.0,9.0,9.0
665093,18256,Zac Grotz,0.4059719953027123,28.0,3.0,13.0
657508,20206,Mike Baumann,0.40448760590072697,42.0,9.0,9.0
656271,17968,Brock Burke,0.4044785460609708,38.0,8.0,8.0
527054,6797,Julio Teheran,0.4029582630317631,61.0,11.0,11.0
622608,15488,Antonio Senzatela,0.40238092315872265,54.0,10.0,11.0
543022,4338,Tyler Chatwood,0.4005427364068786,36.0,5.0,11.0
572102,10039,Keyvius Sampson,0.3999377091527909,36.0,5.0,8.0
650895,17496,Diego Castillo,0.398601763139535,27.0,2.0,23.0
663959,20237,Tyler Ivey,0.3981792615564147,28.0,6.0,7.0
657571,19349,Caleb Ferguson,0.3981380537581425,27.0,2.0,20.0
664045,18361,Thomas Eshelman,0.3976689015382309,48.0,8.0,10.0
532077,13764,Roberto Osuna,0.39733280120513803,23.0,0.0,24.0
641447,19805,Daniel Castano,0.39684444451019163,47.0,6.0,11.0
593679,12938,Gabriel Ynoa,0.3962825145883542,47.0,7.0,13.0
607074,16137,Carlos Rodón,0.3956680733473951,35.0,6.0,6.0
666120,19951,Ian Anderson,0.3956202460221434,47.0,10.0,10.0
519076,10547,Jimmy Nelson,0.39426840724478573,36.0,6.0,9.0
658792,16904,Aaron Wilkerson,0.3930989583604696,35.0,7.0,9.0
543557,4869,Mike Montgomery,0.39305155207997117,37.0,6.0,13.0
621112,14739,Paul Blackburn,0.392069400479606,48.0,9.0,10.0
489119,8779,Wade Miley,0.39040982918468153,49.0,10.0,10.0
613534,13801,Austin Adams,0.3876127289545915,18.0,0.0,16.0
640462,19343,A.J. Puk,0.3875574899006308,25.0,4.0,10.0
665417,sa827380,Kyle Kubat,0.3872274991324051,38.0,7.0,10.0
572125,13397,Sam Selman,0.3862958933997172,20.0,0.0,17.0
608717,13761,Chris Stratton,0.38289066946276634,41.0,6.0,11.0
680686,24580,Josiah Gray,0.3826000392181055,45.0,10.0,10.0
641620,sa872724,Brandon Gold,0.3819880684905195,52.0,10.0,10.0
445276,3096,Kenley Jansen,0.3813562993211125,22.0,0.0,22.0
592716,13339,Adrian Sampson,0.3805605092447778,44.0,6.0,12.0
641793,15823,Zack Littell,0.38018283541354575,30.0,0.0,24.0
502171,6562,Alex Cobb,0.3796108881117846,45.0,8.0,8.0
664180,18076,Matt Hall,0.37939512380577495,42.0,6.0,14.0
543272,9111,Brad Hand,0.37526628598493283,24.0,0.0,23.0
543135,9132,Nathan Eovaldi,0.37496901467019034,31.0,6.0,8.0
615698,19312,Cal Quantrill,0.374553399228903,50.0,9.0,10.0
429722,3200,Ervin Santana,0.374058577260355,42.0,7.0,7.0
605446,14509,Dereck Rodríguez,0.37304853682560035,48.0,8.0,11.0
595191,12664,Jerad Eickhoff,0.37278148339930045,38.0,7.0,8.0
663554,20492,Casey Mize,0.37262498841592684,36.0,8.0,8.0
622795,14391,Yohander Méndez,0.36954008218109213,40.0,7.0,10.0
663804,21549,Jackson Kowar,0.36879864187575306,48.0,9.0,9.0
663884,sa3008224,Nolan Kingham,0.3685232172589485,55.0,10.0,10.0
642104,sa738639,Cole Stapler,0.3672368826013951,42.0,8.0,9.0
532936,sa691863,Mario Sanchez,0.3667113485725322,43.0,8.0,10.0
676050,23292,Packy Naughton,0.3659869809390259,54.0,10.0,10.0
682171,25174,Penn Murfee,0.3655985101545882,37.0,7.0,11.0
664285,17295,Framber Valdez,0.3644962603110283,43.0,6.0,12.0
664054,18088,Cody Stashak,0.3643399407184937,29.0,3.0,16.0
607231,13684,John Gant,0.36363209141468184,39.0,5.0,17.0
642528,19753,Jonathan Loáisiga,0.3631971968972511,21.0,4.0,8.0
666129,21844,Braxton Garrett,0.3626451072237741,39.0,8.0,8.0
670329,20023,Rico Garcia,0.36257982313332804,46.0,9.0,10.0
545064,12774,Jairo Díaz,0.3614036463426721,25.0,0.0,24.0
621142,14719,Ty Buttrey,0.35935111280880516,26.0,0.0,24.0
592499,16731,Artie Lewicki,0.3582494443429103,28.0,4.0,7.0
572070,9784,Garrett Richards,0.3579046732409511,21.0,4.0,4.0
657031,17359,Josh Taylor,0.35602182690742673,25.0,0.0,25.0
575070,11896,Enderson Franco,0.3554962705956412,43.0,8.0,10.0
641907,19712,Patrick Murphy,0.35541230291425907,37.0,8.0,8.0
605498,18300,Andrew Suárez,0.35537814267700774,49.0,8.0,12.0
595918,11467,A.J. Cole,0.3552352824505895,34.0,5.0,12.0
548384,10061,Brooks Raley,0.3534456846506061,55.0,10.0,10.0
641541,19546,Jon Duplantier,0.35332514372682255,36.0,8.0,12.0
502624,6895,Chase Anderson,0.3527886524856012,49.0,10.0,11.0
664337,21111,Miguel Yajure,0.35277271547796485,45.0,7.0,9.0
592644,15846,Adam Plutko,0.35273382609183557,46.0,9.0,9.0
656876,25385,Drew Rasmussen,0.35055520792244044,27.0,6.0,6.0
605194,13654,Jharel Cotton,0.34935735320757516,37.0,6.0,8.0
571704,12910,Ken Giles,0.347732393774398,20.0,0.0,21.0
682418,sa3007624,Tommy Parsons,0.3461216436347442,55.0,10.0,10.0
641312,19453,Shaun Anderson,0.3460042684319585,48.0,9.0,12.0
592222,12890,Alex Claudio,0.34552055193633785,24.0,0.0,27.0
489446,9073,Kirby Yates,0.3440616917086777,20.0,0.0,21.0
656798,17775,Jacob Nix,0.34379918945393045,26.0,5.0,5.0
657141,17585,Jordan Yamamoto,0.34329789820516005,47.0,9.0,9.0
656756,16511,Jordan Montgomery,0.34229235427720045,32.0,7.0,7.0
641482,17874,Nestor Cortes,0.341790428598685,38.0,4.0,13.0
502748,5401,Brad Peacock,0.3410080855349057,38.0,6.0,13.0
571710,10430,Mychal Givens,0.3389501695439892,23.0,0.0,21.0
656674,sa829372,Kolton Mahoney,0.3370550532488078,36.0,4.0,11.0
668766,sa3004197,Dylan File,0.33674494866967475,51.0,10.0,10.0
519151,7005,Ryan Pressly,0.3364515921398684,22.0,0.0,22.0
666214,19962,Joey Wentz,0.3352258898595635,40.0,9.0,9.0
664350,19680,Sixto Sánchez,0.33473914423345597,37.0,7.0,7.0
670280,19569,David Bednar,0.3333014077388415,26.0,0.0,21.0
502239,6249,Trevor Cahill,0.3327504718671074,36.0,6.0,10.0
624647,16408,Victor González,0.33218546744711897,33.0,5.0,14.0
448281,1581,Sean Doolittle,0.33116245201671723,20.0,0.0,20.0
662144,19593,Brian Keller,0.3308957031277289,36.0,6.0,7.0
622694,16933,Elieser Hernández,0.3307145913256335,42.0,8.0,11.0
661395,21029,Jhoan Duran,0.330160772835078,39.0,9.0,9.0
607200,17425,Erick Fedde,0.32981599990940585,40.0,7.0,10.0
677161,20349,Zack Kelly,0.3291697115933943,30.0,4.0,9.0
657756,19695,Connor Seabold,0.32904547271202955,32.0,6.0,7.0
670651,sa921212,Anthony Shew,0.328664520553578,36.0,7.0,7.0
621219,13834,Alec Mills,0.3258914170272609,46.0,8.0,10.0
596295,16561,Austin Gomber,0.32475517088210426,38.0,7.0,9.0
594902,14932,Ben Lively,0.3229773029233747,40.0,6.0,10.0
598287,12800,Noé Ramirez,0.32271876980944586,25.0,2.0,20.0
641627,15046,Trevor Gott,0.32237300858265233,19.0,0.0,18.0
608371,13470,Lucas Sims,0.32183219430417104,42.0,7.0,13.0
643478,17035,Joe Palumbo,0.3218219996356285,27.0,6.0,7.0
605452,12972,Joe Ross,0.3217089166097313,37.0,6.0,11.0
571666,7754,Mike Fiers,0.32097094773132623,52.0,10.0,10.0
519393,8004,Marcus Walden,0.32036692476187006,26.0,1.0,20.0
606167,13188,Adalberto Mejía,0.32001050472051096,30.0,6.0,11.0
595988,sa602623,Heath Holder,0.31945650615254456,31.0,3.0,13.0
663982,sa3004857,David Parkinson,0.31863203408546376,40.0,8.0,8.0
658648,18864,Pedro Avila,0.3179282280856586,32.0,6.0,7.0
519293,8048,Will Smith,0.31760774309624157,21.0,0.0,21.0
656550,16944,Grant Holmes,0.3169115393288111,34.0,7.0,10.0
642496,sa736761,Emilio Vargas,0.3162368756428932,40.0,9.0,9.0
456701,8362,Homer Bailey,0.31577905286337504,47.0,9.0,9.0
623167,13896,Chris Flexen,0.315603233190268,36.0,6.0,11.0
669212,20203,Eli Morgan,0.3155620350808089,48.0,10.0,10.0
650518,sa828724,Alejandro Requena,0.3155273354511264,38.0,7.0,8.0
621097,18318,Jacob Waguespack,0.31522721070949244,44.0,8.0,11.0
643414,15378,Kyle Lloyd,0.3140374036787804,38.0,6.0,10.0
641729,15761,Joe Jiménez,0.31339528742306333,23.0,0.0,25.0
670102,20548,Bowden Francis,0.31039931719682967,48.0,10.0,10.0
521655,5257,Wilmer Font,0.31029268640863017,30.0,6.0,14.0
607751,sa598974,Matt Tomshaw,0.309400979556918,40.0,7.0,9.0
676477,20191,Garrett Whitlock,0.309347581616462,30.0,6.0,6.0
445926,5448,Jesse Chavez,0.3086886271502345,26.0,2.0,18.0
596071,18790,Dillon Peters,0.3082592062618452,45.0,8.0,10.0
666205,20167,Kyle Muller,0.3074394248234503,39.0,9.0,9.0
664208,18064,Phil Maton,0.30707033937496464,24.0,0.0,20.0
641927,21224,Bailey Ober,0.3068630594073668,27.0,5.0,6.0
502085,8241,David Robertson,0.30639675626974544,19.0,0.0,19.0
595939,16125,Chris Ellis,0.30621534901086844,39.0,5.0,13.0
592346,14663,Chi Chi González,0.30466711176699734,49.0,9.0,10.0
501789,3192,Will Harris,0.30385801194514384,19.0,0.0,22.0
434671,3284,Aníbal Sánchez,0.3036133669937321,46.0,9.0,9.0
622554,19249,Seranthony Domínguez,0.3032769810545225,17.0,0.0,17.0
592773,15947,Ryne Stanek,0.3026307070542679,27.0,0.0,24.0
677369,sa3004494,Austin Warner,0.3021790323118363,48.0,9.0,9.0
606303,14332,Joel Payamps,0.30129054239711134,38.0,7.0,9.0
641900,sa738902,Scott Moss,0.2979943806289573,45.0,10.0,10.0
640451,15507,Hunter Harvey,0.296991290297573,29.0,4.0,12.0
592426,11752,Luke Jackson,0.29698950824775683,27.0,0.0,23.0
543118,8823,Oliver Drake,0.2967952497059008,24.0,0.0,22.0
523260,9761,Joe Kelly,0.2966082315778834,19.0,0.0,21.0
605347,14527,Jorge López,0.2959155306388681,41.0,6.0,14.0
681911,25007,Alex Vesia,0.2956323761008135,22.0,0.0,13.0
606996,19646,Kyle Hart,0.2948244581059892,47.0,8.0,9.0
641941,14771,Emilio Pagán,0.2946812873031616,26.0,0.0,23.0
607555,18306,Taylor Guilbeau,0.2945312362392152,21.0,0.0,20.0
518617,5003,Jake Diekman,0.2943174246267865,20.0,0.0,25.0
571948,13346,Hoby Milner,0.2942071454223439,22.0,0.0,20.0
664142,sa875665,Elliot Ashbeck,0.29417159975717433,33.0,3.0,13.0
641703,16466,Brent Honeywell,0.29217269599314677,27.0,6.0,6.0
572403,13424,Drew VerHagen,0.29214621590229717,38.0,5.0,13.0
621074,19454,Michael Rucker,0.2915323391280091,33.0,4.0,11.0
544727,5114,Jeurys Familia,0.29006012925447877,24.0,0.0,25.0
453281,5221,Wade LeBlanc,0.28859562350212004,37.0,4.0,7.0
519043,1890,Matt Moore,0.28691683721063216,49.0,8.0,11.0
656685,17369,Brett Martin,0.2868013622479303,27.0,0.0,23.0
670062,22362,Julian Garcia,0.2863327806361137,40.0,7.0,9.0
669214,19199,Conner Menez,0.28614306757598806,48.0,9.0,11.0
445060,3830,Ricky Nolasco,0.2855534066875072,43.0,8.0,8.0
642558,17030,Ariel Jurado,0.2844078417180559,55.0,9.0,13.0
642578,17860,José Rodríguez,0.28308602735807414,36.0,5.0,11.0
592229,14825,Dylan Covey,0.2825797385288962,41.0,8.0,11.0
543883,7555,Nick Vincent,0.2815208167175107,21.0,1.0,18.0
663559,20070,Bailey Falter,0.28133352227323793,31.0,6.0,6.0
676614,20462,Bryan Sammons,0.2812574990941074,41.0,9.0,9.0
592811,13533,Andrew Triggs,0.2810495851735626,24.0,4.0,4.0
643230,15291,Steven Brault,0.27976833521606836,39.0,6.0,10.0
608648,13758,Tyler Duffey,0.27927350646314014,26.0,0.0,23.0
592464,11618,Mike Kickham,0.27921715816528603,31.0,5.0,10.0
608032,14542,Carlos Estévez,0.27850595920038534,25.0,0.0,25.0
547179,14843,Michael Lorenzen,0.2775907046656533,29.0,0.0,24.0
642584,17861,Franklyn Kilome,0.27697709606880294,34.0,7.0,7.0
651002,sa828326,Steven Fuentes,0.27665264263013356,36.0,4.0,12.0
592815,13485,Sam Tuivailala,0.27620952307976654,15.0,1.0,16.0
622503,17732,Nabil Crismatt,0.2758408173344785,50.0,9.0,10.0
501625,5358,Jose Alvarez,0.2755839432808537,22.0,0.0,25.0
502028,1345,Blake Wood,0.2748887389723083,16.0,0.0,15.0
605154,12777,John Brebbia,0.27457996105094457,25.0,0.0,23.0
664092,19583,Sean Poppen,0.2742270835558047,38.0,7.0,9.0
657746,21390,Joe Ryan,0.2742118009259478,40.0,8.0,9.0
628452,17130,Raisel Iglesias,0.2729392375329458,24.0,0.0,23.0
605151,12918,Archie Bradley,0.27284060552982187,28.0,0.0,26.0
595014,12572,Blake Treinen,0.27257360346132903,23.0,0.0,22.0
592473,10843,Adam Kolarek,0.2716338151994819,21.0,0.0,25.0
669725,sa873276,Thomas Jankins,0.2691002978704043,50.0,9.0,10.0
453385,3551,Clayton Richard,0.26904609157131365,38.0,7.0,7.0
664141,17578,JT Brubaker,0.2688265463107364,39.0,8.0,8.0
663325,sa3007710,Kevin Smith,0.2683936196586125,41.0,9.0,9.0
657511,sa829242,Dustin Beggs,0.26804607714034195,40.0,7.0,9.0
670061,sa874105,Duncan Robinson,0.2676086298725338,37.0,7.0,7.0
676961,19736,Caleb Boushley,0.2670508730231912,34.0,3.0,10.0
593576,11804,Héctor Neris,0.2669232657548841,24.0,0.0,25.0
643588,sa738610,Tyler Viza,0.2668406387077965,35.0,7.0,9.0
628333,16017,Odrisamer Despaigne,0.26644626064988786,41.0,7.0,10.0
620454,17169,José Castillo,0.26567971048383576,23.0,0.0,22.0
622253,17796,Dillon Tate,0.264460478786507,29.0,4.0,11.0
608665,15514,Kendall Graveman,0.26229550046848116,32.0,6.0,6.0
605177,12988,Andrew Chafin,0.25936102268433225,20.0,0.0,27.0
663556,21483,Shane McClanahan,0.2562576246005821,41.0,8.0,9.0
489334,7274,Craig Stammen,0.2547192267367546,26.0,0.0,24.0
570663,11801,Hansel Robles,0.25467934529627034,25.0,0.0,24.0
543278,6499,Blaine Hardy,0.2546770617161094,23.0,2.0,15.0
641646,sa738176,Joe Gunkel,0.25467407279790416,36.0,6.0,9.0
669205,sa3005187,Lincoln Henzman,0.25462514788539253,43.0,9.0,10.0
467100,1994,Iván Nova,0.25453214739127317,54.0,10.0,10.0
664074,17920,Cody Ponce,0.25239847623698136,29.0,4.0,11.0
623184,13911,Scott Oberg,0.252383964977312,21.0,0.0,20.0
657024,16587,Erik Swanson,0.25155327018672735,34.0,6.0,11.0
591693,16086,Edubray Ramos,0.25149185394582924,18.0,0.0,20.0
593140,11903,Michael Feliz,0.2510203504679438,25.0,0.0,24.0
453329,3543,Clay Buchholz,0.2504210316450843,29.0,6.0,6.0
455119,11847,Chris Martin,0.24987039421857993,18.0,0.0,18.0
542882,12022,Matt Andriese,0.24927840185954797,32.0,3.0,17.0
642701,17878,Dennis Santana,0.24907456309481835,37.0,6.0,10.0
642152,15043,Lou Trivino III,0.24888230101647946,24.0,0.0,23.0
650347,20399,Luís Madero,0.24829006239567397,41.0,9.0,9.0
433589,4020,Yusmeiro Petit,0.2480431874796037,26.0,0.0,24.0
543351,7432,Jay Jackson,0.24781827482215546,23.0,0.0,21.0
670167,20020,John Schreiber,0.24771166962820884,26.0,0.0,22.0
554234,11592,Williams Pérez,0.2457068007762261,30.0,6.0,7.0
676617,20348,Riley O'Brien,0.24405173256882695,35.0,6.0,8.0
641743,20387,Anthony Kay,0.24404913139728446,47.0,10.0,10.0
641149,14764,Wes Parsons,0.243740614427723,29.0,3.0,10.0
641401,21205,Connor Brogdon,0.24269383026573227,25.0,1.0,17.0
621237,17780,José Alvarado,0.241991040179655,18.0,0.0,20.0
676561,sa915726,Jeffrey Passantino,0.24114942157082253,32.0,4.0,9.0
608349,15010,Corey Knebel,0.2409925546234407,17.0,0.0,18.0
664918,18890,Kyle Keller,0.24068068328612505,23.0,0.0,17.0
669145,20370,Bruce Zimmermann,0.24064657748007356,46.0,9.0,9.0
475115,7872,Tyson Ross,0.24033334309712334,29.0,5.0,6.0
593833,15855,Wander Suero,0.23991384807181865,25.0,0.0,26.0
453343,4264,Mark Melancon,0.23977718707412907,20.0,0.0,20.0
641851,15071,Kyle McGowin,0.23886280158341314,41.0,7.0,9.0
642203,19266,Taylor Widener,0.237658544735606,39.0,9.0,9.0
675916,20151,James Karinchak,0.23755328620391505,14.0,0.0,14.0
542888,12857,Shawn Armstrong,0.23671155680571415,23.0,0.0,21.0
605388,12580,Adam Morgan,0.23558747059968196,14.0,0.0,20.0
500610,8410,Deolis Guerra,0.23547168489716644,22.0,0.0,16.0
592254,15463,José De León,0.23464167378640485,23.0,6.0,7.0
606965,12763,Chris Devenski,0.23455140947159364,25.0,0.0,22.0
592454,11384,Tommy Kahnle,0.23398957147087154,20.0,0.0,24.0
664199,17611,Taylor Clarke,0.2337192601065234,46.0,9.0,11.0
676710,20531,Kutter Crawford,0.23360859198628484,38.0,9.0,9.0
642545,18356,Jaime Barria,0.2333705544667703,51.0,9.0,11.0
595881,16981,Tyler Beede,0.23334392012112218,48.0,9.0,11.0
488768,8782,Andrew Cashner,0.2328853272731019,47.0,8.0,12.0
665621,20430,Rony García,0.23181136752221027,43.0,9.0,9.0
642121,15256,Cole Sulser,0.2316340758781794,24.0,1.0,20.0
502154,3240,Zack Britton,0.23154576131671645,19.0,0.0,21.0
660813,20367,Brusdar Graterol,0.23150764615806096,17.0,0.0,19.0
664854,18138,Ryan Helsley,0.23021355675239763,31.0,4.0,13.0
650556,16609,Bryan Abreu,0.22964521449978778,37.0,6.0,12.0
656887,17034,Sean Reid-Foley,0.2295206949218506,48.0,10.0,11.0
676845,sa3004222,Sam Delaplane,0.22931428760217865,23.0,0.0,17.0
669468,sa3004701,Aaron Leasher,0.22839868471615113,40.0,7.0,9.0
621345,18655,A.J. Minter,0.22834868024781377,21.0,0.0,21.0
453178,6986,Ian Kennedy,0.22745227283434652,23.0,0.0,23.0
656354,17117,Austin Davis,0.22646703972572252,26.0,0.0,19.0
623451,14420,Jackson Stephens,0.2264042837216336,38.0,4.0,15.0
621249,14677,Duane Underwood Jr.,0.22579830728646236,39.0,6.0,14.0
594795,11203,Grant Dayton,0.22531593517604145,14.0,0.0,13.0
667356,sa917784,Bryan Mata,0.22276091810402504,36.0,8.0,8.0
622065,18333,Alex Young,0.22234469142257707,48.0,8.0,12.0
622063,sa875060,Jack Wynkoop,0.2223113136053375,49.0,9.0,9.0
664028,17877,Brett Kennedy,0.2221061168207665,33.0,6.0,6.0
681792,sa3006826,Adam Scott,0.22192830773384228,46.0,9.0,10.0
664236,sa875610,Matthew Kent,0.22125531393340478,52.0,9.0,10.0
676755,20385,Isaac Mattson,0.22105927793648422,28.0,0.0,17.0
608344,19244,Cole Irvin,0.2203413246580701,47.0,7.0,11.0
595001,10946,Josh A. Smith,0.21956869030783494,31.0,4.0,10.0
662253,20373,Andrés Muñoz,0.21955696993845855,21.0,0.0,21.0
594772,10962,Jake Buchanan,0.21938509017181115,41.0,7.0,9.0
656726,sa829124,Sam McWilliams,0.21926661244144488,47.0,7.0,10.0
518397,10591,Scott Alexander,0.2186436165283524,19.0,0.0,20.0
641571,17466,Heath Fillmyer,0.21807672104273146,40.0,8.0,11.0
596027,14672,Dillon Maples,0.21755837369128855,20.0,0.0,20.0
642130,16418,Blake Taylor,0.216371754217344,26.0,2.0,13.0
656212,19865,Charlie Barnes,0.21629447938026547,45.0,9.0,9.0
656746,sa829294,McKenzie Mills,0.21597791878560335,35.0,5.0,11.0
607572,16265,Sam Howard,0.2159116157900587,34.0,4.0,16.0
641540,19409,Dane Dunning,0.21354055256670487,30.0,6.0,6.0
502026,9490,Jeremy Jeffress,0.2130915251535653,22.0,0.0,20.0
462136,1118,Marco Estrada,0.21200438041266725,41.0,8.0,8.0
612434,15684,Miguel Castro,0.21190185662041774,30.0,0.0,24.0
666674,20589,Edwar Colina,0.21188920925974516,35.0,6.0,7.0
605525,14506,J.B. Wendelken,0.2116731224923562,26.0,0.0,22.0
650911,20778,Cristopher Sánchez,0.21152890074311848,27.0,4.0,9.0
676860,sa3004599,Joe Cavallaro,0.21149021910113439,35.0,5.0,11.0
594985,10983,Ben Rowen,0.21020147395838834,28.0,2.0,15.0
584171,19341,Hector Velázquez,0.21006536169963688,28.0,4.0,13.0
621076,18331,James Kaprielian,0.20891231016201686,23.0,6.0,7.0
534910,13287,Jesse Hahn,0.20813572864702667,27.0,6.0,6.0
605155,12997,Colten Brewer,0.20750788384773,25.0,0.0,23.0
640464,15502,Kohl Stewart,0.20727995810607974,42.0,8.0,10.0
621366,16350,Ryan Borucki,0.20686928598992857,44.0,9.0,9.0
518452,10587,Chad Bettis,0.2064890660371444,34.0,5.0,11.0
665759,20368,Ramón Rosso,0.20643654867102382,43.0,9.0,9.0
656793,20153,Nick Nelson,0.20633043899993342,34.0,7.0,8.0
656828,sa3002777,Jacob Patterson,0.20627098008489028,23.0,0.0,20.0
670970,20039,Adrian Morejon,0.20424259929890778,19.0,7.0,7.0
622097,14371,Jake Thompson,0.20408747824827567,41.0,7.0,10.0
664196,18029,Tanner Anderson,0.20284920017427943,40.0,6.0,10.0
665152,19350,Dean Kremer,0.20237269930323962,41.0,8.0,8.0
660587,sa872530,Leo Crawford,0.20224501675798603,46.0,9.0,9.0
621153,sa658530,Kevin McCanna,0.20206614672553608,30.0,4.0,11.0
572086,13393,Brady Rodgers,0.20156589430563007,25.0,5.0,6.0
621383,16990,Tanner Banks,0.20137111503513938,44.0,8.0,10.0
612672,13071,Wei-Yin Chen,0.20097092043517378,31.0,4.0,11.0
502083,2895,Zach McAllister,0.2007860222996831,16.0,0.0,14.0
621295,15594,Nick Wittgren,0.20059615558120275,21.0,0.0,20.0
656725,16317,Alex McRae,0.20054294418479746,48.0,8.0,11.0
476454,6216,Dellin Betances,0.20025774657191162,17.0,0.0,18.0
607692,sa602806,Travis Radke,0.1996533047399759,27.0,0.0,18.0
642098,15200,Glenn Sparkman,0.19944105905286252,46.0,8.0,10.0
592665,10586,Addison Reed,0.19872387785540685,21.0,0.0,21.0
661383,21025,Oliver Ortega,0.1983597269687058,37.0,8.0,10.0
673633,19756,Yoshihisa Hirano,0.19780768999879225,19.0,0.0,21.0
663399,18347,Brandon Waddell,0.19768377320846284,38.0,6.0,11.0
595234,13572,Justin Haley,0.19757579073122122,32.0,6.0,7.0
607391,14151,Chris Mazza,0.19625712147240584,37.0,6.0,9.0
493603,1247,Adam Ottavino,0.19601241747284667,22.0,0.0,24.0
640444,19800,Wil Crowe,0.19591481772332678,47.0,9.0,9.0
642092,19826,Riley Smith,0.19550118248354964,47.0,9.0,9.0
656686,19884,Corbin Martin,0.1951313019698919,29.0,6.0,7.0
519443,11428,Brandon Workman,0.195048358152171,23.0,0.0,24.0
669294,22248,Paul Campbell,0.19500222336245437,46.0,7.0,10.0
623364,16390,Brad Wieck,0.19483372707674407,20.0,0.0,21.0
607237,14375,Amir Garrett,0.19434113181600945,22.0,0.0,25.0
544365,5365,Manny Banuelos,0.19402108642419766,29.0,5.0,9.0
608716,18806,Drew Steckenrider,0.19395004029388396,18.0,0.0,19.0
663574,19926,Tony Santillan,0.19361703255817855,41.0,8.0,8.0
608638,13767,JT Chargois,0.19345781402902568,19.0,0.0,18.0
543056,13293,Danny Coulombe,0.1928198991874608,17.0,0.0,16.0
605276,16130,David Hess,0.19271060878348256,45.0,8.0,11.0
682163,sa3007860,Jack Patterson,0.19175240011039874,26.0,4.0,9.0
656222,17192,Jalen Beeks,0.19173830623722382,45.0,4.0,12.0
661403,21032,Emmanuel Clase,0.19118838424581322,24.0,0.0,22.0
453265,3132,Tony Watson,0.19103805055929043,20.0,0.0,21.0
605254,16164,Daniel Gossett,0.19086336964034936,35.0,7.0,7.0
641959,sa829444,Jake Paulson,0.19058075116754106,41.0,7.0,10.0
672335,19614,Cionel Pérez,0.1901906462925682,32.0,6.0,11.0
518774,11713,Matt Harvey,0.18964931052055065,38.0,7.0,8.0
519381,7108,Pat Venditte,0.1893400855224722,19.0,0.0,13.0
542960,6627,Brad Brach,0.1890927443053433,20.0,0.0,21.0
606131,14682,Luis Perdomo,0.1882948555387612,29.0,0.0,22.0
476451,4371,Jeremy Hellickson,0.18796010840637192,35.0,7.0,7.0
665795,21690,Edward Cabrera,0.18775928384161636,35.0,8.0,8.0
676754,sa3004106,Addison Russ,0.18753306733618857,21.0,0.0,20.0
640470,17859,Adbert Alzolay,0.18702461652045288,31.0,7.0,7.0
642239,15094,Rob Zastryzny,0.18682747979586573,36.0,6.0,9.0
519096,7385,Dan Otero,0.18657536331800742,17.0,0.0,16.0
489265,9817,Sergio Romo,0.186548012746508,19.0,0.0,21.0
663992,19337,Richard Lovelady,0.18602865803304572,22.0,0.0,20.0
595411,12249,Ryan Sherriff,0.18564804272484864,16.0,0.0,13.0
519455,4505,Jordan Zimmermann,0.18553247362205125,41.0,8.0,8.0
664161,19705,Matt Swarmer,0.1850067015741348,49.0,9.0,9.0
670090,20010,Wyatt Mills,0.18449940843598955,19.0,0.0,16.0
520980,5420,Pedro Báez,0.18404593463676278,22.0,0.0,24.0
542947,7803,Richard Bleier,0.18389089645296966,19.0,0.0,18.0
516969,6033,Kelvin Herrera,0.18330907121434503,20.0,0.0,21.0
622446,17018,Jefry Rodriguez,0.1833024965484747,37.0,7.0,9.0
681915,sa3007732,Ethan DeCaster,0.1826863704354183,25.0,0.0,16.0
675923,sa3004740,Ryan Lillie,0.18255512887487257,45.0,9.0,9.0
605156,12272,Aaron Brooks,0.18244452922110457,38.0,7.0,10.0
605309,14696,Keone Kela,0.18158370106225527,15.0,0.0,16.0
642007,sa739006,Arturo Reyes,0.18153322688372306,40.0,7.0,9.0
656257,16631,Jeff Brigham,0.1804686812783437,21.0,0.0,19.0
571800,10732,Drew Hutchison,0.1804037124642272,44.0,8.0,9.0
622250,18323,Josh Sborz,0.18006350261693493,23.0,0.0,21.0
501817,3555,Tony Barnette,0.1798945751589876,13.0,0.0,12.0
571882,13133,Derek Law,0.17924406119355185,25.0,0.0,23.0
570666,13345,Luis Cessa,0.17875566090472048,33.0,3.0,13.0
592879,10836,Asher Wojciechowski,0.17855211287608613,48.0,9.0,10.0
592135,13360,Cam Bedrosian,0.17846025569963372,21.0,1.0,23.0
625974,sa701852,Sam Lewis,0.1782652176369367,22.0,3.0,9.0
607755,19482,Andrew Vasquez,0.17822157270664118,18.0,0.0,14.0
624586,14605,James Hoyt,0.17768265527206534,18.0,0.0,17.0
572362,10354,Robbie Erlin,0.1773216206294535,30.0,1.0,16.0
621169,sa829043,Tyler Eppler,0.17704816270631088,51.0,9.0,10.0
656345,sa827476,Andro Cutura,0.17655184680309238,23.0,4.0,6.0
621261,13677,Corey Oswalt,0.17569347320048168,38.0,7.0,8.0
518566,11964,Taylor Cole,0.17563378722485,27.0,2.0,20.0
676111,sa3004661,Shawn Semple,0.17472383561451815,41.0,7.0,9.0
503569,4185,Rafael Dolis,0.17423112913662386,18.0,0.0,20.0
676987,sa3004713,Tim Naughton,0.17413292780874381,19.0,0.0,18.0
592858,14646,Rowan Wick,0.17406340435697898,22.0,0.0,21.0
607481,16258,Aaron Bummer,0.17327821282890304,26.0,0.0,24.0
621394,sa658600,Colton Turner,0.1732376918183208,29.0,3.0,14.0
595263,11071,Mickey Jannis,0.17240108793240996,43.0,7.0,8.0
660494,17679,Rogelio Armenteros,0.17175347729344229,38.0,7.0,9.0
664202,18421,Tyler Cyr,0.17135128545536443,18.0,0.0,14.0
605130,14993,Scott Barlow,0.17040189899844568,26.0,0.0,23.0
572955,13435,Pierce Johnson,0.16994144655146579,21.0,0.0,22.0
657272,20323,Erich Uelmen,0.16941979113109593,32.0,7.0,7.0
595345,13580,Steven Okert,0.16866962535392052,21.0,1.0,19.0
660593,20526,Denyi Reyes,0.16818428600520008,53.0,10.0,10.0
656592,sa915688,Tyler Johnson,0.16815620446784904,22.0,0.0,17.0
641582,19647,Matt Foster,0.16815620446784904,22.0,0.0,17.0
663734,18699,Nick Neidert,0.16763825993071205,35.0,7.0,7.0
453192,6785,Andrew Miller,0.16759853765980864,18.0,0.0,22.0
605356,sa603121,Tyler Mapes,0.16730656226344642,44.0,8.0,9.0
660600,20447,Enoli Paredes,0.166710978143074,30.0,4.0,9.0
592468,11694,Nick Kingham,0.16659314637639897,34.0,6.0,10.0
600011,sa739598,Daniel McGrath,0.16640425885683136,40.0,6.0,12.0
572888,10756,Shane Greene,0.16626453649609615,22.0,0.0,23.0
571656,14814,Buck Farmer,0.16596602425700957,25.0,0.0,27.0
667677,sa874155,Zac Houston,0.16589929623943866,21.0,0.0,16.0
543258,7303,Preston Guilmet,0.16559586153242487,23.0,1.0,15.0
670766,20038,Darren McCaughan,0.16514761198012332,52.0,10.0,10.0
663567,17969,Peter Lambert,0.1650145944910509,54.0,11.0,11.0
656464,19876,Kevin Ginkel,0.16469787097565033,21.0,0.0,20.0
606160,12760,Rafael Montero,0.16462549950459868,19.0,0.0,19.0
605488,17677,Jeffrey Springs,0.16410029875122914,25.0,2.0,14.0
669424,19541,Jimmy Lambert,0.16223239056563044,31.0,6.0,6.0
670169,sa918356,DJ Myers,0.16208669615194907,23.0,3.0,6.0
572406,sa503437,Sam Wolff,0.16201345435850564,15.0,0.0,13.0
680704,20517,Nick Sandlin,0.16180369395320196,10.0,0.0,10.0
453284,5224,Blake Parker,0.16174490675510594,20.0,0.0,21.0
660623,20468,Huascar Ynoa,0.16112382455870675,39.0,7.0,10.0
592288,15849,Kent Emanuel,0.16109127491888012,34.0,4.0,10.0
554340,12095,Yimi García,0.16092406007469995,19.0,0.0,21.0
677742,sa873686,Tyler Zombro,0.1608722935735039,24.0,1.0,15.0
669912,19179,Kirby Snead,0.16084251726563698,22.0,0.0,19.0
518886,6655,Craig Kimbrel,0.1601791412021542,16.0,0.0,17.0
518489,5615,Ryan Brasier,0.160154239179495,21.0,0.0,23.0
571474,sa577014,DJ Baxendale,0.15974190558771967,27.0,3.0,11.0
594580,14874,Sam Moll,0.15971452942894004,18.0,0.0,16.0
673258,20100,Michel Baez,0.1588262366236477,21.0,0.0,17.0
642073,15118,James Sherfy,0.15882100249796702,21.0,0.0,20.0
656640,sa829565,Turner Larkins,0.15876798822531707,33.0,5.0,9.0
682130,sa3007491,Tyler Carr,0.15871300115398207,23.0,0.0,14.0
607560,12680,Ryne Harper,0.15819336258729597,21.0,0.0,20.0
657022,sa828707,Trey Supak,0.158176897851257,50.0,10.0,10.0
621399,15968,Brady Feigl,0.1580863764324932,14.0,0.0,11.0
623149,13892,Paul Sewald,0.1570706091504179,24.0,0.0,21.0
472610,6984,Luis García,0.1568477309562783,20.0,0.0,21.0
656730,17722,Trevor Megill,0.1565313062850104,20.0,0.0,13.0
627893,sa736746,Carlos Belen,0.15639876085429152,25.0,0.0,18.0
667445,sa3005114,Marshall Kasowski,0.15632961245291396,14.0,0.0,13.0
676344,sa3005016,Marcel Rentería,0.15585009634240285,24.0,1.0,12.0
664700,sa876284,Daniel Tillo,0.1556363661618354,45.0,9.0,11.0
465657,6941,Joakim Soria,0.15519895619589708,21.0,0.0,23.0
660853,18403,Enyel De Los Santos,0.1550470848995713,41.0,8.0,10.0
502381,4090,Luke Gregerson,0.1550156841087873,12.0,0.0,13.0
642629,17304,Emmanuel Ramirez,0.15487341435385613,43.0,7.0,10.0
624522,19795,Keegan Thompson,0.15435781967418716,35.0,7.0,7.0
669064,19582,Brandon Bailey,0.1527723353218983,34.0,7.0,9.0
660825,20997,Eduard Bazardo,0.15230017779177982,26.0,1.0,13.0
667465,22052,Aaron Fletcher,0.15206937544431004,25.0,0.0,16.0
592390,11632,Heath Hembree,0.1517885477552998,18.0,0.0,19.0
667498,19191,Robert Dugger,0.15129942093442128,55.0,10.0,10.0
668941,19574,JoJo Romero,0.1511327277224858,39.0,8.0,8.0
650671,19200,José Quijada,0.15091157672327937,23.0,0.0,20.0
593163,sa550615,Carlos Navas,0.1502718409097588,27.0,2.0,14.0
657117,16309,Austen Williams,0.15026111208571943,30.0,4.0,10.0
477569,4971,Fernando Salas,0.15021499160854093,19.0,0.0,18.0
453344,9346,Brandon Morrow,0.14984238954922846,11.0,0.0,11.0
663678,sa3008312,Colton Eastman,0.14955793306638157,44.0,7.0,9.0
661440,20080,Mauricio Llovera,0.14877788310218382,31.0,6.0,7.0
446099,9059,John Axford,0.1484970181715654,13.0,0.0,13.0
656977,17470,Chad Sobotka,0.14848464062807357,21.0,0.0,19.0
605240,16159,Jace Fry,0.14837219516059139,21.0,0.0,24.0
656731,21318,Tylor Megill,0.1482696032445749,24.0,4.0,8.0
657246,sa915630,Ryan Nutof,0.14686381232283688,21.0,0.0,17.0
605482,16106,Cy Sneed,0.14602937925657256,37.0,5.0,9.0
467008,4070,Pedro Strop,0.14516251831142885,16.0,0.0,19.0
669270,19995,Joel Kuhnel,0.14496421362142473,23.0,0.0,20.0
676051,23293,Codi Heuer,0.1448034640247531,23.0,0.0,16.0
605218,13607,Carl Edwards Jr.,0.14431378258972272,17.0,0.0,20.0
458677,4301,Justin Wilson,0.1437987343124295,17.0,0.0,20.0
573668,10341,Juan Minaya,0.14368635885174258,23.0,0.0,19.0
523989,3862,Rubby De La Rosa,0.14182545186806772,9.0,0.0,8.0
572383,9646,Brian Moran,0.141797503974181,21.0,0.0,18.0
656412,19874,Alex Faedo,0.14163241726517328,40.0,9.0,9.0
656557,19879,Tanner Houck,0.14157430157603076,38.0,7.0,11.0
543483,3950,Matt Magill,0.14027181882311163,21.0,0.0,19.0
592836,11836,Taijuan Walker,0.14008883664510918,33.0,6.0,6.0
543867,5530,Nik Turley,0.13911022213910823,18.0,3.0,6.0
667373,22036,Angel Rondón,0.13829080547900513,49.0,9.0,9.0
543507,6398,Trevor May,0.13789513321594227,20.0,0.0,21.0
475479,6316,David Phelps,0.1377758208664827,17.0,0.0,18.0
596112,13594,Robert Stephenson,0.13710105459223004,25.0,0.0,23.0
489295,3599,Brian Schlitter,0.13701510089250352,18.0,0.0,15.0
594577,15451,Mike Mayers,0.13647902791458233,20.0,0.0,18.0
502706,4141,Derek Holland,0.13631868109418785,38.0,6.0,14.0
622864,15885,Fernando Romero,0.13602305000047524,27.0,0.0,21.0
621191,sa658314,Michael Peoples,0.13585836510660315,45.0,7.0,8.0
595897,16074,Nick Burdi,0.13569457587330724,4.0,0.0,4.0
676604,20379,Tyler Zuber,0.13522678632433477,19.0,0.0,17.0
503285,3321,Darren O'Day,0.13518715594188413,11.0,0.0,12.0
664126,17998,Pete Fairbanks,0.1347257347600432,23.0,0.0,22.0
517008,6661,Alex Colomé,0.1345120239209014,22.0,0.0,23.0
605143,14244,Ray Black,0.1342418821631743,16.0,0.0,18.0
606944,17664,Cody Carroll,0.13390164545088795,24.0,1.0,15.0
570257,11487,Joely Rodríguez,0.13382799326200134,20.0,0.0,21.0
452676,4961,Mitch Talbot,0.13355540342086458,27.0,6.0,6.0
641739,15792,Rob Kaminsky,0.13348823456406816,19.0,0.0,16.0
605359,12297,Evan Marshall,0.13305180732397773,19.0,0.0,20.0
657240,16703,Julian Merryweather,0.1326278801128772,34.0,7.0,7.0
593372,11682,Carlos Martinez,0.13253113109097014,26.0,0.0,23.0
641709,sa918377,Brian Howard,0.132490206175562,48.0,9.0,9.0
656232,19866,Brandon Bielak,0.1323923145777284,42.0,7.0,9.0
621199,13528,Matt Bowman,0.13180020278839452,23.0,0.0,20.0
542946,9069,Jeremy Bleich,0.13155176025018625,16.0,1.0,11.0
641949,sa3003988,John Parke,0.1310191587514547,47.0,9.0,9.0
547177,sa602699,Phil Pfeifer,0.13016351460678457,41.0,6.0,11.0
445213,9939,Brandon Kintzler,0.12950170013804868,19.0,0.0,21.0
543734,9895,Chris Rusin,0.12887497663797925,24.0,2.0,12.0
608652,15101,Luke Farrell,0.1286585086339086,29.0,5.0,10.0
608678,13763,Dominic Leone,0.12793503764893085,24.0,0.0,23.0
656638,19883,Alex Lange,0.12769940539460659,38.0,7.0,10.0
676599,sa3004744,Jason Bahr,0.1275269292197187,38.0,9.0,9.0
622088,16233,Tejay Antone,0.12730318120004128,48.0,9.0,9.0
407845,494,Fernando Rodney,0.12679241301901667,20.0,0.0,21.0
595798,10819,R.J. Alaniz,0.12672828082950843,21.0,0.0,16.0
660896,19459,Jorge Alcala,0.12645077275032082,38.0,6.0,11.0
606625,14966,Reyes Moronta,0.12626419258157764,21.0,0.0,21.0
475054,9866,Chaz Roe,0.12583247295665909,18.0,0.0,23.0
607352,13194,Joe Biagini,0.12575409736360374,25.0,0.0,24.0
641980,sa738366,Matt Pierpont,0.12562356961612062,17.0,0.0,13.0
448609,8280,Tony Sipp,0.12549399112688936,10.0,0.0,15.0
605479,13629,Josh D. Smith,0.1253358752408198,26.0,1.0,16.0
670422,sa918556,Trevor Bettencourt,0.1248764915979221,15.0,0.0,11.0
642003,15232,Cody Reed,0.12469787348751327,21.0,0.0,20.0
642565,sa737454,Alexander Guillen,0.1246640179812987,26.0,0.0,16.0
650893,17490,Génesis Cabrera,0.12428015977008944,44.0,8.0,11.0
642601,sa737037,Oscar De La Cruz,0.12380661284215697,31.0,4.0,11.0
670428,sa918535,Tyler Erwin,0.12338653347965808,19.0,0.0,16.0
670154,sa874212,Nolan Blackwood,0.1219504265209721,24.0,0.0,17.0
676942,sa3004024,Graham Spraker,0.1216690135574498,36.0,6.0,9.0
448855,5702,Junior Guerra,0.12144358090313229,25.0,0.0,23.0
675989,23265,Cody Bolton,0.1212866062052915,32.0,7.0,7.0
621154,sa658278,Luc Rennie,0.12118392262038849,41.0,8.0,9.0
621094,14711,Jamie Callahan,0.12114345279797713,13.0,0.0,11.0
543409,8505,Michael Kohn,0.12103887954632297,10.0,0.0,11.0
663855,19618,Jordan Hicks,0.12079301795394443,22.0,0.0,23.0
528748,21183,Humberto Castellanos,0.1206524856028919,27.0,0.0,13.0
605501,15859,Stephen Tarpley,0.1204718211398432,24.0,2.0,14.0
663474,18000,Triston McKenzie,0.12046099737621571,21.0,4.0,4.0
670377,sa915725,Evan Miller,0.11941694004370566,22.0,0.0,17.0
669746,sa918150,Tommy Eveld,0.11940282119487745,18.0,0.0,16.0
504379,7731,Juan Nicasio,0.11915973509773649,19.0,0.0,19.0
605447,16122,Jordan Romano,0.11886196657970649,34.0,6.0,11.0
665600,sa879559,Jasseel De La Cruz,0.11867696781666745,41.0,8.0,9.0
670443,sa874072,Jack Anderson,0.11844654115036646,21.0,0.0,16.0
643493,15290,Austin Pruitt,0.11818644826473512,35.0,3.0,11.0
573009,14857,Joe Mantiply,0.11805459527346873,19.0,1.0,13.0
656547,16588,Jonathan Holder,0.11744356189182688,22.0,0.0,19.0
643316,15832,Paul Fry,0.11716171578424919,24.0,0.0,23.0
547001,18769,Cody Poteet,0.11715484208694865,45.0,9.0,9.0
571911,13395,Damien Magnifico,0.11673600592191635,21.0,0.0,18.0
641772,sa3002715,Joe Kuzia,0.11636368756912839,18.0,0.0,14.0
545346,11468,Zach Lee,0.11603942170921286,43.0,8.0,9.0
453214,8185,Steven Wright,0.11572072955563584,24.0,3.0,6.0
656450,sa828693,Joe Gatto,0.1156360218847473,32.0,5.0,11.0
641462,sa918605,Corbin Clouse,0.11510432466099325,17.0,1.0,13.0
664299,17606,Cristian Javier,0.11453478318749682,37.0,7.0,10.0
620396,19246,Miguel Aguilar,0.1143859300150558,13.0,0.0,13.0
571917,12106,Parker Markel,0.11363040887584988,23.0,0.0,18.0
622459,sa657885,Cristian Alvarado,0.11342221273150004,39.0,5.0,12.0
607229,13696,Robert Gsellman,0.11306675051903911,27.0,0.0,23.0
641995,16470,Roel Ramírez,0.11306523110519164,26.0,2.0,16.0
670151,sa874187,Wyatt Short,0.11293466506581105,22.0,0.0,17.0
642225,sa737853,Stephen Woods Jr.,0.11243573334204432,31.0,6.0,7.0
664062,19388,Tony Gonsolin,0.11234988772478831,35.0,8.0,9.0
487675,4168,Edward Paredes,0.11194678875775027,12.0,0.0,13.0
642637,sa737486,Adonis Uceta,0.11130348581006053,20.0,1.0,13.0
642664,sa737042,Wendolyn Bautista,0.11084352240052492,38.0,6.0,12.0
676744,sa915801,Tyler Stevens,0.11043143080157154,24.0,0.0,17.0
623354,17811,Daniel Zamora,0.11011349698286377,17.0,0.0,17.0
501593,2882,Luis Avilán,0.10984456852357605,16.0,0.0,21.0
665661,18475,Shea Spitzbarth,0.10937758739125293,25.0,0.0,19.0
621294,15100,Ben Heller,0.10916813407882624,13.0,1.0,12.0
656083,sa828505,Harol González,0.10906533278406917,46.0,9.0,9.0
605255,16218,Brett Graves,0.10845682085266412,26.0,2.0,13.0
502522,8580,Justin Miller,0.10842611530541167,16.0,0.0,15.0
676720,23465,Tommy Romero,0.10833783153307985,41.0,8.0,9.0
596082,16209,Jake Reed,0.10814848440123398,25.0,0.0,16.0
670426,20030,Phillip Diehl,0.10801151604575766,26.0,0.0,20.0
623471,sa659283,Justin Dillon,0.10797563452738897,38.0,7.0,9.0
621593,19789,Anthony Castro,0.1074230536087093,38.0,7.0,10.0
657376,19899,Clarke Schmidt,0.10708961847092441,30.0,7.0,7.0
680702,24591,Joey Gerber,0.10687438761064252,17.0,0.0,16.0
592165,13527,Brandon Brennan,0.10632441787908369,21.0,0.0,19.0
664682,18105,Ryan Meisinger,0.1063100019315018,20.0,1.0,13.0
621052,15015,Alex Reyes,0.10583461713887893,18.0,4.0,6.0
595296,sa550044,Chris Lee,0.10565143075732134,24.0,2.0,7.0
680765,sa3007234,Joey Murray,0.10472672678112727,46.0,9.0,10.0
621056,15091,Hunter Wood,0.10465417293398087,21.0,0.0,22.0
488984,1157,Tommy Hunter,0.10389746481333303,16.0,0.0,16.0
621139,21189,Brooks Kriske,0.10329732715594407,19.0,0.0,15.0
543208,12778,Sam Gaviglio,0.10275796759508941,30.0,0.0,21.0
666005,sa917861,Andres Sotillet,0.10242010782966969,35.0,4.0,11.0
643511,15541,Tyler Rogers,0.10224599872983892,26.0,0.0,22.0
456696,4259,David Hernandez,0.10185526055216726,19.0,0.0,20.0
606273,12673,Roenis Elías,0.10164876997421507,25.0,3.0,13.0
570632,11589,José Ureña,0.10132190835664447,24.0,0.0,24.0
670990,19444,Yohan Ramírez,0.10114620670994402,35.0,5.0,10.0
664116,sa857605,Zack Erwin,0.10101638212420615,32.0,4.0,11.0
656986,21345,Bennett Sousa,0.10057216138813063,24.0,0.0,17.0
592593,11754,Justin Nicolino,0.10039321862239446,47.0,8.0,9.0
663910,sa875153,Jordan Guerrero,0.0997202335967424,18.0,0.0,14.0
656548,20631,Jordan Holloway,0.0996176621334383,31.0,8.0,8.0
592779,16727,Brock Stewart,0.0984556590111119,33.0,6.0,8.0
668560,sa919234,Yeizo Campos,0.09838413173528275,21.0,1.0,10.0
598286,12575,Nick Ramirez,0.09829952262997314,29.0,1.0,16.0
571946,10197,Shelby Miller,0.09827438308033974,31.0,6.0,9.0
641855,sa738318,Ian McKinney,0.09801475184167914,45.0,9.0,10.0
501925,3281,Joe Smith,0.0979328377364976,14.0,0.0,16.0
622259,17793,Trey Wingenter,0.09760078520625992,20.0,0.0,21.0
623474,17556,Jimmy Herget,0.09759297261098206,23.0,0.0,20.0
517414,5985,Randall Delgado,0.09688292015297416,20.0,3.0,9.0
424144,1514,Oliver Pérez,0.0968328531586245,13.0,0.0,21.0
596101,16132,Justin Shafer,0.09662564619358285,25.0,0.0,21.0
630263,16668,James Bourque,0.09647563345752373,23.0,0.0,18.0
594987,11209,Casey Sadler,0.09640492315504963,26.0,1.0,16.0
623913,14382,Wei-Chung Wang,0.09555669049406063,31.0,3.0,14.0
445197,9948,Mike Dunn,0.0954688936530953,10.0,0.0,14.0
663398,sa857567,Luke Leftwich,0.09528094890316456,20.0,0.0,14.0
658431,19903,Adonis Medina,0.09505774778512788,38.0,8.0,8.0
543339,7146,Daniel Hudson,0.09487128288647431,21.0,0.0,22.0
541640,10314,Erasmo Ramírez,0.09451305098615026,40.0,7.0,10.0
623454,15130,Drew Anderson,0.09434033950908532,30.0,6.0,7.0
595465,12237,Dan Winkler,0.09384068193506769,19.0,0.0,21.0
571901,10343,Aaron Loup,0.09377502700881268,11.0,0.0,14.0
593144,13549,Richard Rodríguez,0.09372760606136835,25.0,0.0,24.0
592280,14808,Ryan Eades,0.09288973747256205,26.0,3.0,10.0
641988,sa621533,Alex Powers,0.09276729793948765,18.0,0.0,15.0
543698,10620,Donn Roach,0.09273426648299972,37.0,7.0,7.0
502032,9492,Bud Norris,0.09272733204868541,15.0,0.0,17.0
676620,sa3004211,Blake Weiman,0.09247272066615578,17.0,0.0,12.0
607457,13713,Kyle Barraclough,0.09193434696197636,20.0,0.0,23.0
518858,4696,Nate Jones,0.0919017162840569,11.0,0.0,12.0
656457,17964,Tyler Gilbert,0.09186057291209991,20.0,0.0,16.0
642100,17170,Gabe Speier,0.09174301344108089,26.0,0.0,20.0
572998,11686,Josh Lucas,0.09170864243845375,18.0,0.0,14.0
594986,11753,Kyle Ryan,0.09150598307205317,21.0,0.0,25.0
592422,14914,Jason Hursh,0.09149732679715673,20.0,0.0,16.0
642546,17464,Jonathan Hernández,0.09145356349771033,40.0,7.0,11.0
570488,15605,Phillips Valdez,0.0911112136244157,38.0,6.0,12.0
676840,20339,Matt Peacock,0.09053411071371958,36.0,7.0,9.0
456713,1246,Matt Bush,0.09004686539880095,15.0,0.0,15.0
607320,13688,Ryan Merritt,0.088567227525039,35.0,5.0,9.0
657612,16814,Tim Hill,0.08849986344602451,22.0,0.0,23.0
476589,9029,Adam Warren,0.08848789778270845,15.0,0.0,14.0
573062,10218,Aaron Northcraft,0.08789569623103607,27.0,3.0,11.0
450306,8044,Jason Vargas,0.08781573367382484,44.0,9.0,9.0
543548,7608,Tommy Milone,0.0874090634773584,45.0,5.0,10.0
435043,3840,Zach Duke,0.08648011159159,12.0,0.0,16.0
664940,sa875296,Kurt Hoekstra,0.08595797905518802,22.0,1.0,14.0
664042,18600,Travis Lakins,0.0844075939949345,25.0,3.0,17.0
668879,sa918614,Vince Arobio,0.08436156884380466,22.0,0.0,14.0
676890,sa3004022,Scott Boches,0.0839561597502217,30.0,1.0,15.0
663770,21087,Demarcus Evans,0.08380946702426978,19.0,0.0,17.0
571939,sa502768,Trey McNutt,0.08343644798073788,23.0,0.0,16.0
534947,10968,Tim Adleman,0.08255853911525544,40.0,7.0,8.0
596074,17987,Bobby Poyner,0.0825127521137938,24.0,0.0,20.0
664139,17871,Ian Gibaut,0.08229841038248503,16.0,0.0,14.0
605121,16201,Justin Anderson,0.08185902582795294,21.0,0.0,21.0
663378,21065,Thomas Szapucki,0.08171330096404063,20.0,6.0,7.0
640454,19315,Matt Krook,0.08153382551467354,24.0,6.0,13.0
592102,12183,Cody Allen,0.08123771646481528,18.0,0.0,19.0
643458,sa738394,Jordan Mills,0.08107977256561878,20.0,0.0,16.0
663996,sa875301,Nicholas Economos,0.08062157549717093,41.0,7.0,9.0
592865,14899,Taylor Williams,0.08052323124661864,24.0,0.0,21.0
642659,19516,Raynel Espinal,0.08040739496120843,25.0,0.0,9.0
674342,sa3004823,Jakob Hernandez,0.08031953877665828,24.0,0.0,18.0
607374,12385,Nick Tropeano,0.080174456782962,30.0,6.0,6.0
664129,19558,Geoff Hartlieb,0.08009466508805649,26.0,0.0,19.0
642233,15538,Eric Yardley,0.07928331338003622,24.0,0.0,19.0
594747,sa549287,Logan Bawcom,0.07908948603349832,27.0,4.0,7.0
663986,19932,Trevor Stephan,0.07893823944675223,33.0,8.0,8.0
606930,12323,Jacob Barnes,0.07849409539106783,20.0,0.0,20.0
450212,4682,Pat Neshek,0.07841685679644345,11.0,0.0,13.0
572193,10291,Ryan Tepera,0.07834600377998496,17.0,0.0,18.0
641672,19264,Thomas Hatch,0.07810450623244404,45.0,10.0,10.0
607188,13699,Jake Faria,0.07734106144605755,37.0,5.0,14.0
457915,7407,Javy Guerra,0.07726288330650306,22.0,0.0,18.0
592614,15627,Dillon Overton,0.07639618701604442,41.0,7.0,9.0
676621,sa3004097,Holden Capps,0.07617659981708465,22.0,1.0,13.0
640463,15158,Braden Shipley,0.07578559493863173,39.0,6.0,11.0
664904,sa875299,Josh Roeder,0.07534782081511655,28.0,4.0,9.0
542914,7982,Anthony Bass,0.07527711248220681,20.0,0.0,20.0
669459,20515,Kyle Nelson,0.07513298815902131,17.0,0.0,16.0
543408,6570,Tom Koehler,0.07431839218486005,46.0,8.0,10.0
649963,sa830370,Bo Takahashi,0.07406862768489848,40.0,9.0,9.0
666215,19586,Forrest Whitley,0.07359375430393236,21.0,6.0,7.0
681810,24937,Austin Warren,0.07341754264506617,20.0,0.0,13.0
488846,4064,Brian Duensing,0.07317100993772503,13.0,0.0,14.0
676684,19769,Will Vest,0.07303694941056191,20.0,0.0,14.0
518883,10529,Dean Kiekhefer,0.07283311631904851,17.0,0.0,15.0
677076,23631,Clayton Andrews,0.07253079387395804,20.0,0.0,14.0
677366,sa3004717,Austin Hamilton,0.07206897072588087,25.0,3.0,8.0
596720,11604,Dovydas Neverauskas,0.07141258374598408,24.0,0.0,20.0
493200,18719,Seunghwan Oh,0.07140383226919184,16.0,0.0,17.0
657530,sa708442,Joe Broussard,0.07097995179061796,19.0,1.0,15.0
676438,sa3006810,Michael Baird,0.07094679871939602,18.0,3.0,7.0
461325,5640,Tyler Clippard,0.07090614866364352,20.0,0.0,21.0
656885,sa875266,James Reeves,0.07066487970480656,23.0,0.0,12.0
674681,23191,Michael Plassmeyer,0.07059113046251525,42.0,8.0,9.0
657610,17002,Trevor Hildenberger,0.07048725481451038,20.0,0.0,19.0
623439,14016,Ryan Garton,0.0703416921194084,22.0,0.0,16.0
543359,8073,Dan Jennings,0.07003452162598946,17.0,0.0,19.0
605195,13182,Kyle Crick,0.06988051603395343,20.0,0.0,21.0
611093,15051,Silvino Bracho,0.06976038908768521,18.0,0.0,16.0
622382,16348,Gabriel Moya,0.06970515230176123,22.0,3.0,18.0
621127,sa658286,Andrew Sopko,0.06906180636456748,35.0,8.0,8.0
461872,7466,Anthony Swarzak,0.06898392264461374,18.0,0.0,19.0
657006,17312,Justin Steele,0.06887022970864666,14.0,4.0,4.0
669276,19996,Dylan Lee,0.06847969768535983,22.0,0.0,19.0
656266,20491,J.B. Bukauskas,0.06833450294156324,33.0,6.0,8.0
656322,17264,Sam Coonrod,0.06802546419236287,21.0,0.0,24.0
643354,15306,Donnie Hart,0.06759029164169456,20.0,0.0,20.0
656420,16610,J.P. Feyereisen,0.06747417897963565,21.0,0.0,15.0
518748,11720,Justin Grimm,0.06747410420412686,21.0,0.0,19.0
592712,13483,Connor Sadzeck,0.06729181895932268,17.0,0.0,16.0
644364,15915,Víctor Arano,0.06715618116569858,17.0,0.0,17.0
664076,17897,Garrett Cleavinger,0.06712530762372329,19.0,0.0,13.0
673316,19609,Luke Barker,0.06673235266586805,19.0,0.0,15.0
607729,sa602907,David Sosebee,0.06589228066853293,21.0,0.0,14.0
663394,sa3005422,Jacob Condra-Bogan,0.06575324778728123,21.0,0.0,14.0
670161,20018,Parker Dunshee,0.06571176118279756,43.0,9.0,9.0
592169,17237,Austin Brice,0.06567777824874908,20.0,0.0,17.0
543045,14457,Adam Conley,0.06535700305278075,24.0,0.0,24.0
665032,sa876116,Adam Bray,0.06502737857833521,31.0,4.0,12.0
571735,9756,David Hale,0.06493198407782248,25.0,0.0,8.0
572143,12784,Burch Smith,0.06492226707361906,35.0,5.0,12.0
621051,20353,Steven Wilson,0.0641138345974783,22.0,0.0,16.0
518927,7501,Tommy Layne,0.06401144523113209,13.0,0.0,12.0
607222,sa599273,Tanner Chleborad,0.06397303340183445,16.0,0.0,11.0
676641,23420,Beau Sulser,0.06375099756244874,30.0,2.0,12.0
668338,19976,Tyson Miller,0.06325648601198323,45.0,9.0,9.0
518553,6483,Steve Cishek,0.06309362086044282,21.0,0.0,24.0
502327,4026,Héctor Santiago,0.062215299641803876,31.0,4.0,11.0
643340,sa738690,Nick Green,0.06218253207782132,36.0,7.0,8.0
450172,3990,Edinson Volquez,0.06200625393488449,18.0,4.0,5.0
660546,20218,Yennsy Díaz,0.06192638352687618,48.0,9.0,10.0
519326,7836,Hunter Strickland,0.060805956084328955,15.0,0.0,17.0
572044,10387,Brooks Pounders,0.06057078876159981,21.0,1.0,16.0
621368,18325,Taylor Hearn,0.06026748113985746,30.0,6.0,7.0
669211,19362,Keegan Akin,0.05954275064009165,40.0,9.0,9.0
605280,13649,Clay Holmes,0.05858748055635361,35.0,4.0,14.0
502578,11243,Aaron Barrett,0.0583995494533327,16.0,0.0,16.0
676891,sa3004602,Alex FaGalde,0.05778826022975818,41.0,8.0,9.0
657566,16768,Montana DuRapau,0.0577539565138044,20.0,0.0,17.0
642083,15231,Aaron Slegers,0.057554402704862506,43.0,7.0,9.0
592130,11388,Danny Barnes,0.057147038500638035,18.0,0.0,17.0
621348,16279,Sam Clay,0.05672893959715747,25.0,1.0,15.0
676831,19731,Kodi Whitley,0.05655368285652296,25.0,0.0,19.0
534812,12360,Kevin Quackenbush,0.05500025818441483,21.0,0.0,19.0
622780,17759,Angel Perdomo,0.05467903560949868,28.0,3.0,14.0
668757,sa918295,Matt Dennis,0.05442816667694918,47.0,8.0,11.0
668954,sa917970,Curtis Taylor,0.05391955401960982,19.0,1.0,11.0
657209,16687,Dean Deetz,0.05381465396028467,15.0,0.0,11.0
458708,9388,Josh Tomlin,0.05363718273350844,31.0,4.0,13.0
592233,16058,Stefan Crichton,0.05355057704863011,29.0,0.0,22.0
665420,sa878421,Leovanny Rodriguez,0.052515870076673125,27.0,2.0,12.0
607473,12452,Chasen Bradford,0.05163152324319287,15.0,0.0,13.0
544928,11334,Tyler Lyons,0.05157600025308283,15.0,0.0,12.0
491646,9033,Jeanmar Gómez,0.05139844194749682,16.0,0.0,15.0
664275,sa872824,Pedro Vasquez,0.05121156705167763,43.0,9.0,10.0
594027,11691,Tyron Guerrero,0.05094020767571252,20.0,0.0,19.0
622103,16306,Gerardo Reyes,0.05071122833544829,24.0,0.0,21.0
473879,11710,Sam Dyson,0.050441427111449465,21.0,0.0,22.0
641386,20198,Ben Bowden,0.05035323892812463,18.0,0.0,18.0
641835,15042,Tim Mayza,0.05006816149656459,21.0,0.0,23.0
592612,11528,Josh Osich,0.049484897679231046,22.0,0.0,21.0
641682,19535,Ryan Hendrix,0.04930720354578356,15.0,0.0,13.0
472551,4994,Fernando Abad,0.049292640301056734,18.0,0.0,20.0
571439,13401,R.J. Alvarez,0.0475029821925756,18.0,0.0,18.0
543935,9239,Alex Wilson,0.047416642037155836,20.0,0.0,19.0
642008,15267,Jacob Rhame,0.04724907764201128,18.0,0.0,16.0
433587,4772,Félix Hernández,0.046613485119271714,36.0,7.0,7.0
594951,10976,Ryan O'Rourke,0.04658528683337402,17.0,0.0,16.0
571521,9794,Rex Brothers,0.04645055375312209,16.0,0.0,14.0
621259,17748,Brody Koerner,0.046257791657488,45.0,7.0,9.0
597113,12578,DJ Johnson,0.045690798274703806,17.0,0.0,15.0
592769,15949,D.J. Snelten,0.04565482956740645,15.0,0.0,12.0
571871,10066,Ian Krol,0.045408463348974734,19.0,0.0,19.0
657044,16647,Ryan Thompson,0.04511496659726649,19.0,1.0,12.0
621592,19642,Eduardo Jiménez,0.04466232816663095,23.0,0.0,19.0
643256,15288,Adam Cimber,0.04410624142303474,21.0,0.0,23.0
664219,sa827144,Corey Taylor,0.04388340687905143,18.0,0.0,13.0
641656,19261,Ian Hamilton,0.043865649418537815,17.0,0.0,14.0
650382,19848,Darwinzon Hernández,0.043522634214909074,21.0,0.0,25.0
644677,sa739833,Tyler Spurlin,0.04280292924710467,13.0,0.0,12.0
501992,12638,Nate Karns,0.04271797689503987,15.0,3.0,4.0
639373,19256,Gerson Bautista,0.04239689120121697,19.0,0.0,14.0
573046,13442,Mike Morin,0.04207607392447299,21.0,0.0,20.0
431145,4616,Russell Martin,0.04154626466258642,1.0,0.0,1.0
669105,20209,Zach Muckenhirn,0.04136407112763781,22.0,0.0,17.0
592741,10855,Chasen Shreve,0.04131740765533108,20.0,0.0,20.0
670456,19548,JD Hammer,0.041266795189597076,15.0,0.0,13.0
671790,20041,Ronald Bolaños,0.04091371653046234,48.0,9.0,10.0
543001,12699,Ryan Carpenter,0.04074218925475098,41.0,8.0,8.0
518715,7947,Cory Gearrin,0.04065792863310547,18.0,0.0,21.0
673360,sa3002749,West Tunnell,0.04064663238338588,14.0,0.0,15.0
664714,19942,Ljay Newsome,0.040286361179297875,53.0,10.0,10.0
658305,19276,Edgar García,0.040187324809778,25.0,0.0,23.0
656904,sa829022,Jared Robinson,0.03931816464222529,25.0,0.0,15.0
641420,19159,Zack Burdi,0.03929359027528359,10.0,0.0,8.0
592438,sa549740,Chase Johnson,0.03920934603532962,26.0,3.0,12.0
676816,sa3004018,Austin Hutchison,0.03846306251576314,42.0,7.0,10.0
572371,sa503722,Tyler Higgins,0.03833478431355542,19.0,0.0,14.0
592859,16041,Stevie Wilkerson,0.038224926444607336,2.0,0.0,1.0
622256,17792,Patrick Weigel,0.03794700909891546,26.0,7.0,10.0
659070,sa837103,Ben Bracewell,0.0362415532088667,35.0,4.0,13.0
571670,13394,Dylan Floro,0.03605192507104781,21.0,0.0,20.0
571863,13420,Matt Koch,0.035924863972866226,44.0,7.0,10.0
675914,sa3004657,Tony Dibrell,0.035737587935210514,43.0,9.0,9.0
596049,13606,Shawn Morimando,0.03471270217641292,34.0,7.0,7.0
666204,21170,Dany Jiménez,0.034631897907952645,22.0,0.0,17.0
661269,19278,Vladimir Gutierrez,0.034452075508540486,50.0,10.0,10.0
573204,10078,Caleb Thielbar,0.03406542968139512,22.0,0.0,16.0
543859,10315,Michael Tonkin,0.03401754979683021,15.0,0.0,13.0
676220,19766,Seth Elledge,0.03367286832812531,23.0,1.0,18.0
543942,8532,Rob Wooten,0.03365147834882787,13.0,3.0,4.0
434538,3201,Francisco Liriano,0.03355335357414289,22.0,0.0,23.0
629496,16419,Chih-Wei Hu,0.03309776236366105,33.0,6.0,10.0
656290,19868,Drew Carlton,0.03256637775412154,25.0,0.0,18.0
622505,15028,Victor Alcántara,0.031415553969134036,24.0,1.0,21.0
598271,14272,Brian Johnson,0.031304368253237166,28.0,5.0,10.0
476594,6576,Robert Stock,0.031079589079636136,19.0,1.0,16.0
669942,sa919112,Chad Donato,0.030922292806458605,40.0,7.0,9.0
643778,14974,Tyler Webb,0.030752625455495133,21.0,0.0,22.0
593974,14295,Wandy Peralta,0.03034682546808084,21.0,0.0,24.0
488748,9456,Ryan Buchter,0.030192299007215567,17.0,0.0,23.0
670288,20060,Jake Fishman,0.030125930059178636,23.0,0.0,16.0
608334,18311,Carson Fulmer,0.029133977201754882,33.0,5.0,13.0
460283,7841,Jerry Blevins,0.028851784219610543,14.0,0.0,20.0
543766,8110,Bryan Shaw,0.028414209632505155,22.0,0.0,23.0
642140,sa738349,Cory Thompson,0.028377148589188023,22.0,0.0,17.0
656803,16440,James Norwood,0.028203751082033338,23.0,0.0,20.0
665751,sa868984,Yadier Álvarez,0.027964677041361054,15.0,3.0,6.0
622766,18815,Miguel Díaz,0.027182364439806476,22.0,3.0,10.0
572703,14288,Luke Bard,0.026851365452678286,23.0,1.0,17.0
606162,15655,Yefry Ramírez,0.026716067770910387,37.0,6.0,11.0
663319,sa875197,Craig Brooks,0.025473339301632064,20.0,0.0,16.0
573127,9419,Zac Rosscup,0.025373997650556937,8.0,0.0,9.0
656529,18548,Sam Hentges,0.024707964319072205,43.0,9.0,9.0
623485,15139,Ashton Goudeau,0.024481619573641415,30.0,6.0,8.0
458924,7175,Jonny Venters,0.02439823936672865,10.0,0.0,14.0
458006,4300,Matt Albers,0.023944471600936424,19.0,0.0,21.0
668754,20494,Braden Bristo,0.02390379602690682,21.0,0.0,14.0
675971,20334,Kyle Dohy,0.02366952624391764,25.0,0.0,18.0
670955,20539,Edwin Uceta,0.02355070770349172,43.0,9.0,10.0
542953,8490,Buddy Boshers,0.02316700314131046,19.0,0.0,19.0
542289,9266,Daniel Corcino,0.0225035411736001,37.0,7.0,9.0
448614,7624,Carlos Torres,0.022158149358592453,22.0,1.0,15.0
681865,sa3007247,Brad Wilson,0.022124429178310964,19.0,0.0,15.0
605507,16094,Zach Thompson,0.02078629471320995,27.0,0.0,18.0
667700,sa918459,Joe Navilhon,0.02019705985491363,22.0,1.0,14.0
592094,11861,Jason Adam,0.019095762142334934,15.0,0.0,15.0
643550,15301,Layne Somsen,0.01899025634271781,11.0,0.0,9.0
545332,13322,Jake Barrett,0.01853414305400829,17.0,0.0,15.0
664027,sa3004320,Vincenzo Aiello,0.01839667836519957,18.0,0.0,14.0
572021,13323,James Pazos,0.018083911856754557,22.0,0.0,21.0
664944,19529,Cam Vieaux,0.01798321513469199,44.0,9.0,9.0
571687,sa598115,Ian Gardeck,0.01782057743249024,15.0,0.0,13.0
488681,629,Brandon Barnes,0.017732948841772452,1.0,0.0,1.0
643466,16532,Harrison Musgrave,0.017366318075258826,24.0,3.0,11.0
622098,17755,Drew Smith,0.017295709471599075,17.0,0.0,14.0
458584,36,Xavier Cedeño,0.017255442819456752,11.0,0.0,15.0
663385,20190,Chad Smith,0.017186102436683854,15.0,0.0,13.0
642231,15157,Jimmy Yacabonis,0.017177294421103922,28.0,4.0,16.0
543376,7087,Caleb Joseph,0.01697536290505873,1.0,0.0,1.0
661527,21045,Seth Martinez,0.016712837819211963,26.0,1.0,15.0
622230,sa856275,Andrew Lee,0.01646171660110146,33.0,5.0,10.0
453527,7349,Sean Kazmar Jr.,0.016244384685664068,1.0,0.0,1.0
681935,sa3008072,Tommy Wilson,0.014360090645995423,37.0,7.0,8.0
622797,18313,Pedro Payano,0.014100599426841352,40.0,8.0,9.0
664948,18152,Anthony Misiewicz,0.014065276544459441,44.0,9.0,9.0
621397,14741,Tyler Olson,0.01406322713794889,14.0,0.0,17.0
605463,13652,Tayler Scott,0.01342575936771584,23.0,0.0,17.0
543903,3993,Allen Webster,0.013273433959351235,14.0,2.0,6.0
594056,13058,Reymin Guduan,0.012892747154787474,17.0,0.0,15.0
502593,10534,Jake Petricka,0.012614690140813217,19.0,0.0,17.0
573185,9460,Dan Straily,0.012538901057328248,44.0,8.0,9.0
664069,20175,Ben Braymer,0.012530494885347927,43.0,8.0,9.0
592329,12143,Jason García,0.012081697587567348,24.0,4.0,7.0
500724,8302,JC Ramírez,0.011846540896333746,34.0,6.0,8.0
666673,sa917401,Melvi Acosta,0.01178270416107767,27.0,3.0,10.0
663432,17610,Tanner Rainey,0.010514113489932204,23.0,0.0,23.0
595995,sa827457,Andrew Istler,0.010451641431869737,19.0,0.0,13.0
676079,sa3004206,Andrew Beckwith,0.010412739781491057,20.0,0.0,13.0
676830,sa913150,Collin Kober,0.009535131964601037,25.0,0.0,17.0
548357,10925,Christian Bergman,0.008548296755130493,37.0,7.0,8.0
571561,12555,Tony Cingrani,0.007896935543048171,13.0,0.0,15.0
519322,6983,Drew Storen,0.00783443975289897,15.0,0.0,16.0
628708,14416,Yunior Marte,0.007595203021151565,25.0,0.0,17.0
677012,sa3004362,Jonathan Cheshire,0.007276481134104416,15.0,0.0,10.0
548337,12905,Logan Verrett,0.006991360229940378,25.0,3.0,10.0
656377,sa829656,Bryan Dobzanski,0.006768426598356098,21.0,0.0,18.0
543169,12027,Brian Flynn,0.005767215839875642,25.0,1.0,10.0
614179,14552,José Ruiz,0.005526553675737983,21.0,0.0,19.0
641838,15240,Kevin McCarthy,0.0054657243642342625,26.0,0.0,24.0
667376,20074,Miguel Sánchez,0.005054858887950929,22.0,1.0,14.0
671066,sa977821,Parker Curry,0.004952920301406483,33.0,4.0,10.0
592455,sa709032,Jake Kalish,0.004745783510327679,40.0,4.0,10.0
623470,15136,Jake Newberry,0.0045626863403376815,23.0,0.0,19.0
664687,sa3007959,Durbin Feltman,0.004321907190149327,18.0,0.0,16.0
672391,20061,Kaleb Ort,0.003885622039034989,17.0,0.0,13.0
623465,17734,Evan Phillips,0.003848803055861447,24.0,0.0,19.0
502130,4080,Dan Runzler,0.003830603318167327,11.0,0.0,11.0
571858,14101,Branden Kline,0.0033383553147296463,23.0,0.0,20.0
542866,7411,Austin Adams,0.0030457323250411405,20.0,1.0,15.0
661536,sa873314,Melvin Adón,0.0026290277694105933,25.0,3.0,13.0
622075,15068,Yency Almonte,0.002416965346511266,26.0,0.0,24.0
621346,sa918095,Ty Culbreth,0.0023792447423412605,33.0,7.0,7.0
657680,sa829486,Brendan McCurry,0.0022381120109873642,22.0,0.0,16.0
595966,sa602627,John Gorman,0.0019322479888147677,20.0,0.0,15.0
664910,sa875283,Logan Cozart,0.0018942874454670423,21.0,0.0,17.0
664144,sa875297,Jon Olczak,0.001825451841475435,19.0,0.0,14.0
444468,2391,Héctor Rondón,0.0009537572631829585,20.0,0.0,21.0
650828,17355,Edgar Santana,-0.0004080104348145458,20.0,0.0,17.0
622703,15688,Ronald Herrera,-0.0004503554969776027,33.0,7.0,8.0
670376,sa918495,Alejandro Mateo,-0.0012316419110904126,24.0,1.0,14.0
664157,18581,Travis Bergen,-0.0024758076172304005,14.0,0.0,14.0
641632,16455,Conner Greene,-0.0027761439454152296,40.0,6.0,12.0
643410,15551,Mark Leiter Jr.,-0.0029646387347728623,17.0,0.0,14.0
475857,8855,Ryan Cook,-0.0034414412434154626,10.0,0.0,11.0
666563,sa919323,Jeff Singer,-0.003759716693732454,21.0,0.0,16.0
641409,sa738901,Zack Brown,-0.004339076585112974,42.0,8.0,9.0
453172,9325,Jared Hughes,-0.005332617312693163,23.0,0.0,24.0
430634,1886,Sean Burnett,-0.005900563935753438,9.0,0.0,9.0
622251,18335,Josh Staumont,-0.006023889299100186,31.0,6.0,15.0
543144,8501,Danny Farquhar,-0.00661607723621415,17.0,0.0,17.0
663894,sa3008225,Ryley Gilliam,-0.006672924766611666,14.0,0.0,11.0
596111,sa875031,Jordan Stephens,-0.0067560348720050335,38.0,7.0,9.0
543017,10510,Hunter Cervenka,-0.006842389793242747,17.0,0.0,17.0
664785,sa872726,Tom Hackimer,-0.007769108904254355,19.0,0.0,13.0
623402,13946,Tim Peterson,-0.007809660340404752,21.0,0.0,18.0
459429,7550,Jake McGee,-0.007841831243806786,16.0,0.0,19.0
650959,17583,Marcos Diplán,-0.008038893599870445,29.0,5.0,13.0
670065,sa918196,Trevor Lane,-0.008374708557161697,25.0,0.0,16.0
518875,7773,Shawn Kelley,-0.008543919425583758,16.0,0.0,18.0
542585,6399,José Cisnero,-0.008647606854446608,24.0,0.0,22.0
642207,15816,Devin Williams,-0.008688354317127984,23.0,0.0,18.0
446321,2859,Ross Detwiler,-0.008856400609869322,33.0,6.0,8.0
642119,sa829651,Cody Stull,-0.009152570361291232,18.0,0.0,13.0
641899,sa738670,Ryan Moseley,-0.009616386147493931,27.0,1.0,17.0
608650,13932,Dietrich Enns,-0.009618807057979092,44.0,8.0,9.0
451661,5070,Josh Fields,-0.009638147975489989,13.0,0.0,14.0
641438,15258,Shane Carle,-0.010029217057590599,20.0,0.0,15.0
621385,13780,Daniel Stumpf,-0.010440114368108405,17.0,0.0,23.0
594311,14665,Jandel Gustave,-0.010795728219204697,21.0,0.0,21.0
658791,17508,Wei-Chieh Huang,-0.011205519164063496,20.0,2.0,12.0
656991,sa827385,David Speer,-0.011588133710566847,20.0,1.0,14.0
668987,sa918249,Brandon White,-0.0123150702329464,19.0,0.0,13.0
642067,19495,Mike Shawaryn,-0.01263265795511058,37.0,7.0,9.0
572096,10745,Trevor Rosenthal,-0.013422269454708275,12.0,0.0,14.0
572089,13398,Paco Rodríguez,-0.014207837418520008,15.0,0.0,10.0
446399,2660,Brett Cecil,-0.014467383930016389,13.0,0.0,16.0
503449,7738,Wily Peralta,-0.014661608367951051,18.0,0.0,18.0
571639,sa659070,Jonathan Dziedzic,-0.014904386413006114,31.0,5.0,9.0
681806,24933,Andrew Wantz,-0.015187251128754532,34.0,6.0,9.0
670343,sa913084,Matt Milburn,-0.0156131388189664,50.0,9.0,9.0
664159,sa858802,Donnie Dewees,-0.01600560165630181,1.0,0.0,2.0
477003,4424,Jonathon Niese,-0.016270335850407477,38.0,7.0,8.0
661255,17181,Yoan López,-0.01688394548689609,21.0,0.0,23.0
605541,12586,Mike Wright Jr.,-0.01720171777048799,34.0,4.0,13.0
516769,8476,Jenrry Mejia,-0.017203286993365458,18.0,0.0,16.0
446185,3677,Logan Ondrusek,-0.017937662684097945,24.0,4.0,9.0
596056,16852,John Nogowski,-0.018054107028095616,1.0,0.0,1.0
641714,sa738685,Reid Humphreys,-0.018109413767452204,12.0,0.0,14.0
657770,16873,Eric Stout,-0.01823155613669665,23.0,2.0,11.0
621114,17536,Ryan Burr,-0.018333585232578366,15.0,0.0,13.0
656186,16507,Dan Altavilla,-0.019618747471091935,18.0,0.0,18.0
666022,sa883710,Jhonatan German,-0.019962531565349988,21.0,0.0,16.0
682114,sa3007490,C.J. Carter,-0.022008519231986524,19.0,0.0,13.0
664121,sa857614,Seth McGarry,-0.02308507336117737,26.0,2.0,13.0
622772,15690,Jimmy Cordero,-0.023121822918634603,23.0,0.0,21.0
667681,sa918031,Daniel Brown,-0.02468916385642151,20.0,0.0,14.0
518813,7196,Greg Holland,-0.024747825165973708,15.0,0.0,17.0
606424,18282,Jarlín García,-0.025159412522377723,27.0,2.0,20.0
621289,15066,Jaime Schultz,-0.025286598383749692,24.0,2.0,17.0
451584,7441,Wade Davis,-0.025465039755487143,17.0,0.0,19.0
666156,sa917951,Reggie Lawson,-0.025584065141946617,28.0,6.0,6.0
641501,15126,Tyler Danish,-0.02590687583610614,31.0,4.0,9.0
665321,sa857571,Andrew Schwaab,-0.0262441080386177,20.0,0.0,16.0
676709,20177,Ty Tice,-0.0265791553075453,21.0,0.0,18.0
543506,4878,Brandon Maurer,-0.027583372954518088,19.0,0.0,20.0
592833,14832,Bobby Wahl,-0.027782324999098773,12.0,0.0,11.0
519294,10285,Josh Smoker,-0.027928595414145524,18.0,0.0,16.0
656814,16942,Luis Ortiz,-0.02798182676730809,29.0,6.0,7.0
664102,sa875282,Adam Hofacket,-0.028156598568379362,23.0,0.0,14.0
676737,sa3004471,Billy Lescher,-0.028787739245346625,22.0,1.0,13.0
571539,13276,Matt Carasiti,-0.029016730590719853,14.0,0.0,13.0
642564,17303,Francis Martes,-0.029050267460745436,5.0,1.0,1.0
643615,19269,T.J. Zeuch,-0.02906204020886205,42.0,7.0,8.0
621343,sa658605,Matt Tenuta,-0.02907144493371987,22.0,0.0,17.0
641425,sa874215,Thomas Burrows,-0.029796474887705867,22.0,0.0,17.0
668687,20329,Andre Scrubb,-0.02982645411603498,23.0,1.0,16.0
607030,19550,Adam McCreery,-0.030286519479920837,18.0,0.0,14.0
663531,18555,Logan Allen,-0.03036642459815893,41.0,8.0,10.0
642714,sa736686,Eric Mariñez,-0.030560235135135713,22.0,0.0,17.0
670036,19330,Matt Festa,-0.030960784943067345,15.0,0.0,12.0
666502,sa3005060,Marcelo Martinez,-0.031020215988786234,43.0,7.0,10.0
594736,12799,Cody Anderson,-0.03151853656403936,18.0,4.0,6.0
623430,13974,Ryan Dull,-0.031793526975661415,22.0,0.0,18.0
685338,sa3008626,Justin Vernia,-0.03224188488812992,42.0,7.0,9.0
642028,18510,Josh Rogers,-0.03269607237535094,35.0,6.0,7.0
600887,18792,Miguel Del Pozo,-0.03299913094178329,20.0,0.0,19.0
666924,sa3003927,J.C. Cloney,-0.03309901137723354,39.0,6.0,9.0
664123,18384,Scott Effross,-0.03331582207911207,23.0,0.0,14.0
642758,17092,Domingo Acevedo,-0.03445531829250613,27.0,0.0,10.0
680940,sa3007235,Robert Broom,-0.03517240645876182,20.0,0.0,16.0
670041,sa918047,Austin McGeorge,-0.03526543123653621,18.0,1.0,10.0
457754,1483,Jon Edwards,-0.03530206254580545,18.0,0.0,17.0
669946,sa918264,Brandon Lawson,-0.03556600675469367,42.0,8.0,9.0
600986,14510,Thyago Vieira,-0.03561049679889578,20.0,0.0,16.0
665120,18607,Jared Walsh,-0.03574205968452587,7.0,0.0,7.0
647315,20185,Zach Pop,-0.03639329540914882,16.0,0.0,13.0
642770,17292,Javy Guerra,-0.03662658764855409,25.0,0.0,25.0
661526,sa3006798,Eli Lingos,-0.037469393790613606,35.0,4.0,11.0
571577,10706,Scott Copeland,-0.03787507407721816,38.0,7.0,9.0
663652,sa875558,Jake Simon,-0.03823480651153533,17.0,1.0,9.0
595307,12235,Seth Maness,-0.03824105039753699,35.0,6.0,7.0
683232,25376,Nick Mears,-0.03825316327770893,17.0,0.0,13.0
676637,20541,Phoenix Sanders,-0.03861435534177203,21.0,0.0,16.0
527055,5498,Arodys Vizcaíno,-0.0393034151240396,13.0,0.0,14.0
580792,13685,Nick Goody,-0.039687433659068475,22.0,0.0,21.0
669854,19407,Ronel Blanco,-0.04010080032117304,21.0,1.0,11.0
543234,sa455370,Rayan González,-0.040143896577402305,17.0,0.0,15.0
607114,sa3002775,Matt Wivinis,-0.04070371571653672,18.0,0.0,14.0
641660,sa874149,Brett Hanewich,-0.04133461940495777,16.0,0.0,13.0
622415,sa657689,Anthony Vizcaya,-0.041548386241676054,25.0,1.0,16.0
681811,sa3007479,Edgar Gonzalez,-0.041777925713568295,39.0,8.0,9.0
543343,12874,Danny Hultzen,-0.042205304839961204,5.0,0.0,6.0
642420,sa830278,Randy Valladares,-0.042389556539347735,12.0,0.0,8.0
448306,7059,James Shields,-0.042919265975213935,41.0,7.0,7.0
668880,sa3004455,Fred Schlichtholz,-0.04325609308479346,18.0,0.0,12.0
605448,sa598926,Bradley Roney,-0.043536310331515365,15.0,0.0,11.0
664701,18114,Ben Taylor,-0.04461908256696725,21.0,0.0,17.0
606478,17697,Pedro Araújo,-0.04501113628553305,18.0,0.0,11.0
607225,sa599323,Jordan Foley,-0.04532027592940073,21.0,1.0,15.0
655889,20794,Manuel Rodríguez,-0.04536339852470922,17.0,0.0,14.0
620445,17821,José Mujica,-0.045538396840692566,19.0,4.0,4.0
543219,12781,Sean Gilmartin,-0.04580539342146739,27.0,3.0,12.0
656032,sa828462,Daniel Álvarez,-0.046431000267572145,20.0,0.0,17.0
621248,17682,Ralph Garza Jr.,-0.046756298276606094,26.0,0.0,15.0
641871,15264,Keynan Middleton,-0.04751179922971528,15.0,0.0,16.0
525768,3164,Tim Collins,-0.047564946151738466,14.0,0.0,17.0
519008,3237,T.J. McFarland,-0.04809998397267872,21.0,0.0,18.0
621048,sa659265,Nolan Long,-0.04839418375202062,22.0,0.0,16.0
613317,16618,Kyle Bird,-0.049875448002684286,21.0,0.0,17.0
663393,sa875616,Justin Donatella,-0.05026161875532412,35.0,6.0,9.0
429719,1841,Edwin Jackson,-0.05117282340033191,36.0,7.0,9.0
663326,sa875057,Ryan Clark,-0.05157298330284038,20.0,0.0,14.0
676601,sa874231,Logan Salow,-0.055163121353203934,21.0,1.0,16.0
650530,19457,Bryan Garcia,-0.05564050421010085,18.0,0.0,18.0
670912,22487,Johan Oviedo,-0.05589253905224,47.0,10.0,10.0
571616,14844,Matt Dermody,-0.05612775090079629,14.0,0.0,11.0
675922,sa915633,Brian Shaffer,-0.05647167672525562,39.0,4.0,11.0
621455,sa659266,Sean McLaughlin,-0.05653452377942219,21.0,0.0,14.0
663390,sa856254,Ryan Mason,-0.05678684946648807,18.0,0.0,11.0
518418,5362,Phillippe Aumont,-0.056837436252924846,12.0,1.0,7.0
673603,sa3003109,Luis Romero,-0.057305649493453896,25.0,0.0,16.0
664849,18439,Danny Young,-0.05842070012832391,18.0,0.0,15.0
621098,18332,Eric Hanhold,-0.05873398115958072,22.0,0.0,17.0
573109,8350,AJ Ramos,-0.0596323871528364,12.0,0.0,14.0
621068,sa874967,Riley Ferrell,-0.059709254611930294,14.0,0.0,11.0
640448,15009,Kyle Finnegan,-0.05980048537514715,18.0,0.0,16.0
656924,19891,Ryder Ryan,-0.06018464440410405,17.0,0.0,12.0
621591,sa656043,Alfred Gutierrez,-0.06058109075434665,41.0,9.0,10.0
670056,19231,Caleb Baragar,-0.06074049422239965,41.0,8.0,10.0
650813,17345,Luis Escobar,-0.06093313346123197,31.0,4.0,12.0
656196,sa829470,Argenis Angulo,-0.0610116708975856,21.0,0.0,17.0
605521,18251,Art Warren,-0.06284676812917663,15.0,0.0,15.0
656473,sa828794,Brian Gonzalez,-0.0629148411449372,31.0,4.0,9.0
670046,20009,Kenny Rosenberg,-0.06326463367815094,44.0,6.0,9.0
621290,14545,Dakota Bacus,-0.06422051044411692,19.0,0.0,15.0
642060,19357,Cody Sedlock,-0.06499545428293253,30.0,6.0,8.0
621200,sa738389,Dillon McNamara,-0.06659263518003873,15.0,0.0,13.0
642840,16459,Joe Harvey,-0.06922800769186348,18.0,0.0,17.0
605441,15007,Yacksel Ríos,-0.06983557523027713,24.0,0.0,20.0
658530,sa873722,Franklin Pérez,-0.0699069090729759,4.0,1.0,1.0
677415,sa873684,Kit Scheetz,-0.0722718197803577,22.0,0.0,13.0
677182,sa915665,Simon Mathews,-0.07275534822293049,30.0,3.0,10.0
664155,sa875199,Nate Griep,-0.07336972038700568,18.0,0.0,18.0
657585,16866,Reed Garrett,-0.07373807587896967,21.0,0.0,18.0
608335,19456,Kyle Funkhouser,-0.07482270156604666,31.0,8.0,8.0
502304,3959,David Carpenter,-0.07526574385508322,11.0,0.0,13.0
623381,17281,Thomas Pannone,-0.0759860217999456,37.0,6.0,13.0
664977,20344,Blake Cederlind,-0.07615880039451613,20.0,0.0,16.0
657097,19274,Jacob Webb,-0.07636412598163303,18.0,0.0,18.0
621078,14707,Brady Lail,-0.07645245163532793,30.0,4.0,11.0
502004,9486,George Kontos,-0.07649171392984315,17.0,0.0,14.0
600968,14508,Randy Rosario,-0.07716649575252009,22.0,0.0,19.0
665014,sa876206,Quintin Torres-Costa,-0.0790884922492322,18.0,0.0,14.0
641755,18297,Tyler Kinley,-0.07971251484624686,21.0,0.0,22.0
669618,22296,Joe Barlow,-0.07990588856819843,19.0,0.0,18.0
488786,9720,Louis Coleman,-0.07995413291924938,15.0,0.0,15.0
622693,sa657710,Harold Arauz,-0.08026428636672066,37.0,6.0,8.0
582494,13042,Robby Scott,-0.08036929193019596,20.0,0.0,19.0
519166,7677,Neil Ramírez,-0.08280778921912495,20.0,0.0,18.0
649144,19845,Alex Wells,-0.08296055388260462,45.0,9.0,9.0
457422,5518,Tim Dillard,-0.0834252170039828,39.0,5.0,10.0
682158,sa3007265,Cody Tyler,-0.08408936880589796,23.0,0.0,13.0
660431,18592,Hector Perez,-0.08416409935914582,40.0,8.0,10.0
664942,18186,James Naile,-0.08518114606811933,48.0,9.0,9.0
642566,sa737380,Darwin Ramos,-0.08554819065876992,24.0,0.0,16.0
643357,sa738501,Ben Hecht,-0.08796644070587947,19.0,0.0,15.0
608167,14699,Jonathan Aro,-0.0880776315045713,19.0,0.0,11.0
650493,sa828216,Henry Martinez,-0.08865190440075403,20.0,0.0,17.0
676873,sa3004482,Patrick Dayton,-0.08918502376058267,22.0,0.0,16.0
668684,19518,Tanner Tully,-0.0894441199353045,48.0,9.0,9.0
593468,sa547829,Claudio Custodio,-0.08975916247306176,24.0,1.0,11.0
592705,14867,Nick Rumbelow,-0.0913973690377585,13.0,0.0,10.0
676607,sa873263,Hunter Schryver,-0.0915281332739074,22.0,0.0,15.0
657766,16850,Locke St. John,-0.09203886045785119,19.0,0.0,17.0
595255,sa550295,Mitch Horacek,-0.09249176775044664,19.0,0.0,17.0
608601,15006,Luis Santos,-0.09309277936660733,29.0,3.0,12.0
658551,18496,Junior Fernández,-0.09396428506737597,25.0,0.0,21.0
641457,sa857562,Bailey Clark,-0.09516288514186039,17.0,1.0,11.0
543594,11341,Sean Nolin,-0.09565343257430618,30.0,6.0,7.0
669622,19742,Anthony Bender,-0.09773519673421843,23.0,2.0,11.0
656657,20231,Zach Logue,-0.09813712432578868,40.0,7.0,8.0
606127,sa657482,Jose Rafael De Paula,-0.0985729402114522,17.0,0.0,14.0
661832,sa875346,Danny Dopico,-0.09962887300567595,21.0,0.0,16.0
641341,15203,Tyler Bashlor,-0.099746228973132,21.0,0.0,20.0
640453,sa738697,Connor Jones,-0.09978085830236785,30.0,4.0,13.0
573064,9674,Vidal Nuño,-0.0998532017268692,17.0,1.0,9.0
676634,sa3004747,Aaron Phillips,-0.10001428812222823,41.0,8.0,9.0
595928,16128,John Curtiss,-0.10058723284396828,18.0,0.0,13.0
676644,sa874197,Stephen Villines,-0.1009109171672254,23.0,0.0,17.0
676298,sa3005162,Frank Rubio,-0.10121294012298149,22.0,0.0,16.0
660422,17505,Jorge Guzmán,-0.10213228417941046,41.0,9.0,9.0
642041,sa873262,Zac Ryan,-0.10315980153834563,20.0,0.0,14.0
663765,18674,Jake Woodford,-0.1038186807453633,49.0,9.0,9.0
650574,sa829140,Mike Franco,-0.10450077963317347,19.0,1.0,11.0
606981,sa875269,Darin Gillies,-0.10470256674698313,22.0,0.0,15.0
641872,sa738636,Jordan Milbrath,-0.10507174091566264,23.0,0.0,14.0
663366,18873,Beau Burrows,-0.10575386069670074,33.0,7.0,7.0
642508,sa737066,Jesus Zambrano,-0.10581102367470764,26.0,0.0,16.0
622247,sa658929,Jon Harris,-0.10775654453953962,41.0,8.0,8.0
518468,9654,Michael Blazek,-0.10803443791978375,20.0,1.0,14.0
595237,sa549980,Ryan Halstead,-0.1082228772604816,23.0,1.0,13.0
657122,sa828702,Ronnie Williams,-0.10832536649630373,20.0,0.0,16.0
664843,sa856543,Jerry Keel,-0.10862516018294106,51.0,9.0,10.0
592145,11437,Jesse Biddle,-0.10940135494376485,17.0,0.0,15.0
667427,19493,Zach Jackson,-0.10958765491472311,24.0,0.0,18.0
534737,11350,Pat Dean,-0.11086550077987725,33.0,6.0,7.0
547749,4079,Junichi Tazawa,-0.11110932765447196,13.0,0.0,14.0
474319,9856,Brandon Snyder,-0.11126216868387942,2.0,0.0,2.0
621082,19785,Jake Lemoine,-0.1116740379234419,20.0,0.0,16.0
667657,sa874139,Grant Dyer,-0.11175790813389694,19.0,0.0,15.0
657611,16840,Cam Hill,-0.11253376905676704,11.0,0.0,10.0
620982,16318,Ricardo Pinto,-0.11298709660275806,41.0,3.0,11.0
669728,sa915807,Dakota Mekkes,-0.11469212153303023,20.0,0.0,17.0
641728,sa738369,Bud Jeter,-0.11795725202886026,13.0,0.0,11.0
657096,sa876362,Braden Webb,-0.11948305422836458,28.0,8.0,9.0
543532,9149,Tim Melville,-0.12026483982800731,40.0,7.0,9.0
667378,sa917999,Dauris Valdez,-0.12084466021418291,20.0,0.0,17.0
641853,19814,David McKay,-0.12106156503042048,25.0,0.0,20.0
622092,14169,Kyle Zimmer,-0.12123120009350859,17.0,0.0,24.0
623395,17233,Brian Ellington,-0.12218871549821173,15.0,0.0,14.0
519301,11457,Sammy Solís,-0.1222376180440614,13.0,0.0,14.0
668203,sa3007718,Layne Henderson,-0.12277974851776154,14.0,0.0,9.0
657644,sa829634,Alex Klonowski,-0.12339493779666771,36.0,6.0,8.0
664079,17952,Tyler Jay,-0.12391735871367299,27.0,2.0,13.0
643617,15285,Zac Reininger,-0.12400751254916567,30.0,1.0,21.0
672773,20632,Elvis Luciano,-0.12454968698572719,17.0,1.0,8.0
670057,19480,Ryan Hartman,-0.12694797451759443,39.0,6.0,9.0
665045,sa875831,Corey Copping,-0.12777728930763924,20.0,0.0,15.0
641483,sa738313,Cale Coshow,-0.12812922575058805,19.0,1.0,12.0
656240,16427,Scott Blewett,-0.12825063090991667,42.0,8.0,9.0
476595,8337,Lucas Luetge,-0.1283123944909122,20.0,0.0,17.0
641990,sa738270,Daniel Procopio,-0.12859857777751504,14.0,0.0,10.0
641461,sa737901,Trevor Clifton,-0.13067001021707716,37.0,8.0,9.0
641384,15979,Akeem Bostick,-0.13081906911142546,32.0,5.0,8.0
665018,sa876201,Hector Lujan,-0.13091962091783385,21.0,0.0,13.0
623992,sa659598,Shao-Ching Chiang,-0.13109867065670894,47.0,9.0,9.0
669210,sa873675,Mitchell Jordan,-0.13215256859624402,46.0,8.0,10.0
642571,17313,Merandy Gonzalez,-0.13228366999140945,23.0,3.0,13.0
518693,6832,Sam Freeman,-0.13229194716944648,20.0,0.0,16.0
622490,14399,Robinson Leyer,-0.1330675784695031,20.0,0.0,16.0
657518,sa829631,Matt Blackham,-0.1330999560516717,18.0,0.0,15.0
665141,sa876303,Andy Cox,-0.1331919850582403,17.0,0.0,16.0
592630,sa658287,Ronald Peña,-0.13378467868243019,18.0,0.0,14.0
624418,16377,Ryan Castellani,-0.13409515281577994,30.0,7.0,7.0
659168,sa841386,Jesus Camargo,-0.13436333683332227,24.0,0.0,12.0
670078,sa918347,Ben Krauth,-0.13504121459306545,21.0,0.0,13.0
605301,14338,Williams Jerez,-0.13610834132091915,23.0,0.0,20.0
668665,19545,Stephen Nogosek,-0.13629580101921254,19.0,0.0,16.0
641889,sa738506,Dalton Moats,-0.13718595904185507,23.0,1.0,16.0
676194,20565,Jackson Tetreault,-0.13813816504222864,42.0,9.0,9.0
592361,sa548475,Evan Grills,-0.13824770993181276,25.0,4.0,6.0
643603,15564,Tyler White,-0.13842327060020096,1.0,0.0,1.0
502212,9559,Austin Bibens-Dirkx,-0.14103921185097276,26.0,4.0,7.0
622066,sa738376,Tyler Alexander,-0.14325576487656072,32.0,6.0,10.0
670125,sa918447,Jonathan Hennigan,-0.14350034790737426,22.0,0.0,16.0
593619,12178,Domingo Tapia,-0.14363912258478523,24.0,1.0,16.0
622246,sa875183,Bubba Derby,-0.14418002765245358,40.0,6.0,10.0
622492,15964,Keury Mella,-0.1455231087192908,48.0,9.0,10.0
656613,sa876113,Sean Keselica,-0.14569802849382904,21.0,0.0,14.0
502202,10133,Brad Boxberger,-0.14601132604012187,15.0,0.0,16.0
657228,16958,Jake Jewell,-0.1467851453139169,23.0,0.0,20.0
663558,20422,Jovani Morán,-0.14726669291002217,17.0,0.0,11.0
676732,sa3002734,Blake Battenfield,-0.14792337157508437,41.0,9.0,10.0
660749,sa871482,Wladimir Pinto,-0.14924602919337632,20.0,0.0,15.0
642226,16452,Matt Wotherspoon,-0.15234143933654898,28.0,2.0,14.0
642397,19677,Gregory Soto,-0.1549170675015409,23.0,0.0,26.0
621143,sa659000,Jackson McClelland,-0.1558986294849784,19.0,0.0,16.0
571476,13418,Chris Beck,-0.15646318766226297,19.0,0.0,16.0
669259,sa918327,Christian James,-0.15691384932279523,38.0,7.0,9.0
571951,11479,Bryan Mitchell,-0.15694822522053878,26.0,6.0,7.0
518603,4955,Justin De Fratus,-0.15720486994641086,43.0,7.0,8.0
571825,9767,James Jones,-0.15908532959469446,18.0,0.0,15.0
642236,sa875398,Joe Zanghi,-0.15958402634133229,22.0,0.0,14.0
592874,sa549785,Tom Windle,-0.16061919450849874,19.0,0.0,17.0
664158,sa857600,Matt Eckelman,-0.16266275038905828,19.0,1.0,16.0
593977,sa550714,Johendí Jiminian,-0.1656344477258856,30.0,5.0,10.0
606959,14962,Rookie Davis,-0.16586092019674584,26.0,5.0,7.0
607588,sa602658,Jordan Johnson,-0.16645097049364585,32.0,7.0,7.0
665001,18454,Trevor Kelley,-0.17078839796433165,24.0,0.0,21.0
622774,14733,José Manuel Fernández,-0.17267670743392916,23.0,1.0,17.0
462956,3777,Felipe Paulino,-0.17269255389164972,17.0,3.0,7.0
656492,16432,Foster Griffin,-0.1744015945833166,47.0,9.0,9.0
621050,sa658525,Josh Graham,-0.1749214967973568,19.0,0.0,16.0
621350,14353,Caleb Frare,-0.17633070299541576,16.0,0.0,15.0
605260,13616,Taylor Guerrieri,-0.17653834109100208,27.0,3.0,14.0
623360,sa659063,Tyler Watson,-0.176744234648772,14.0,0.0,8.0
672911,20042,Jesus Cruz,-0.177982517619697,24.0,1.0,17.0
664875,17639,Justin Lawrence,-0.17856046889254523,15.0,0.0,16.0
623183,sa658011,Zach Lovvorn,-0.17876782230480243,38.0,5.0,10.0
592804,10688,Tyler Thornburg,-0.1794684650061864,16.0,0.0,15.0
665048,18615,Hobie Harris,-0.1795365266636794,17.0,0.0,11.0
607215,16155,Eric Skoglund,-0.18025968312059804,36.0,7.0,7.0
571993,sa658577,Chris Nunn,-0.18446816175819375,17.0,0.0,13.0
664851,sa875229,Kyle Friedrichs,-0.18521482193525213,41.0,7.0,9.0
635903,18820,Chris Rowley,-0.18526150379901063,37.0,6.0,9.0
642511,sa828154,Arnaldo Hernandez,-0.18597354835337973,46.0,9.0,10.0
605464,sa577722,Derek Self,-0.1860129011808967,25.0,0.0,17.0
607179,13190,Jordan Weems,-0.18707887038023363,19.0,0.0,14.0
642381,sa736925,Dedgar Jimenez,-0.1872755686244697,36.0,6.0,11.0
682175,25178,Joe Jacques,-0.1874644057098773,20.0,1.0,13.0
593580,sa550679,Dario Beltre,-0.1894948708382223,18.0,0.0,11.0
554431,10058,Tyler Matzek,-0.19009001939435605,7.0,0.0,7.0
519240,6612,Marc Rzepczynski,-0.19066416817860152,14.0,0.0,17.0
664871,19285,Kyle Dowdy,-0.1939220524088193,32.0,5.0,10.0
624519,sa738442,Logan Shore,-0.19404546992053032,32.0,6.0,8.0
664301,sa874818,Wandisson Charles,-0.19799337030069583,19.0,0.0,15.0
608328,15036,Chase De Jong,-0.19843036762159919,41.0,8.0,9.0
571727,sa502935,Scott Griggs,-0.19884249367763707,15.0,0.0,16.0
621103,sa657954,Teddy Stankiewicz,-0.2001824010137171,45.0,8.0,9.0
641733,sa3004190,Connor Johnstone,-0.20198146357716634,31.0,3.0,13.0
543266,7422,Bradin Hagens,-0.2031434975214431,22.0,2.0,9.0
664852,18140,Jay Flaa,-0.20392303453899066,22.0,1.0,14.0
642563,sa736742,Raffi Vizcaíno,-0.20647380295415757,22.0,2.0,13.0
607067,12317,Colin Rea,-0.20777034659147747,42.0,8.0,9.0
543031,8536,Tyler Cloyd,-0.21497397085928988,26.0,4.0,6.0
656237,sa828880,Blake Bivens,-0.2151353873441102,21.0,2.0,9.0
608381,sa657871,Walker Weickel,-0.21715148948503168,28.0,3.0,13.0
600921,14681,Andrés Machado,-0.21836256897123887,29.0,2.0,14.0
592831,14655,Konner Wade,-0.22134884370927166,36.0,6.0,9.0
606291,12975,Mauricio Cabrera,-0.2227524804535462,19.0,0.0,17.0
676875,sa3004709,Franklin Van Gurp,-0.22454301327710052,23.0,0.0,15.0
605138,19243,Wes Benjamin,-0.2282679400603827,42.0,9.0,9.0
664082,sa857604,Michael Boyle,-0.2283636160964751,23.0,2.0,13.0
667050,sa918674,Grant Gavin,-0.2309952056448587,19.0,0.0,15.0
670866,sa921224,Ryan Atkinson,-0.2323009195365349,29.0,4.0,13.0
669711,20375,Greg Weissert,-0.23430412341923218,21.0,0.0,14.0
664784,sa876117,Steven Klimek,-0.23515239872159321,21.0,0.0,13.0
625971,sa701548,Willy Ortiz,-0.2351967009953802,21.0,3.0,6.0
592189,sa548243,Yordy Cabrera,-0.23718880805666231,22.0,1.0,13.0
642609,sa828412,Joan Baez,-0.2381517255425215,29.0,4.0,13.0
656004,16634,Carlos Sanabria,-0.24132361356992385,22.0,0.0,16.0
660302,sa873148,Dalbert Siri,-0.24518059643335796,17.0,0.0,17.0
622465,sa659658,Francisco Jimenez,-0.24658149587337677,27.0,0.0,13.0
641662,sa738344,Alec Hansen,-0.24835775433610283,19.0,0.0,17.0
641962,19820,CD Pelham,-0.24861526405327644,17.0,0.0,17.0
623490,sa659004,Brad Markey,-0.24863860726630385,31.0,4.0,11.0
622786,16300,Jesus Tinoco,-0.2512804336253306,26.0,0.0,23.0
656727,sa828664,Kodi Medeiros,-0.2530577814339041,34.0,5.0,10.0
665142,sa876250,Adam Lau,-0.2533763217689227,21.0,0.0,15.0
596035,19311,Reggie McClain,-0.25353456909403965,37.0,5.0,13.0
664101,sa876290,Blake Rogers,-0.2551851864020033,28.0,1.0,18.0
608323,sa737808,Sean Brady,-0.2568924336236563,50.0,9.0,9.0
656061,17485,Albert Abreu,-0.26169581152997234,32.0,7.0,8.0
630241,sa709586,Trent Szkutnik,-0.2645549247518084,26.0,2.0,15.0
641861,sa737630,Casey Meisner,-0.26926354338761876,39.0,7.0,9.0
592170,11502,Parker Bridwell,-0.27104659946074866,35.0,5.0,9.0
607216,13707,Joey Krehbiel,-0.27486909956227346,23.0,0.0,19.0
650204,19580,Norge Ruiz,-0.27972713660669973,32.0,3.0,11.0
641329,19804,Bryan Baker,-0.2803752295036605,19.0,0.0,18.0
661099,sa861440,Alvaro Seijas,-0.2852678617077484,43.0,9.0,9.0
678061,23809,Ray Kerr,-0.2885294409745718,32.0,5.0,12.0
621058,17553,Andrew Moore,-0.29300882573066994,43.0,8.0,10.0
656181,sa828687,Spencer Adams,-0.29304286595831547,38.0,7.0,8.0
547176,14467,Daniel Camarena,-0.31197633731517094,39.0,0.0,7.0
628709,sa737451,Ofreidy Gómez,-0.314418594013799,44.0,8.0,10.0
640485,sa735860,Alexis Rivero,-0.317408306672251,16.0,1.0,10.0
669199,19222,Lake Bachar,-0.3240005945712051,40.0,7.0,9.0
662959,sa873497,Jhonleider Salinas,-0.32435456544219177,22.0,3.0,15.0
642520,19835,Gerson Garabito,-0.32441892931493954,47.0,9.0,9.0
664048,sa857699,Kyle Wilcox,-0.3293609806972014,20.0,0.0,16.0
456387,6336,Ryan Feierabend,-0.32967472521917857,50.0,7.0,9.0
650738,17942,Adonis Rosa,-0.3413337646311114,38.0,0.0,9.0
595893,sa597825,Bryan Brickhouse,-0.3418333375762043,11.0,0.0,11.0
543331,9037,J.J. Hoover,-0.3420549873263662,31.0,5.0,12.0
543238,5097,Anthony Gose,-0.34411209529436093,9.0,0.0,11.0
676083,23301,Janson Junk,-0.3467125738763978,30.0,5.0,8.0
592230,11494,Kaleb Cowart,-0.34923419762246277,7.0,0.0,6.0
642549,sa739256,Angel German,-0.35133041426261213,17.0,0.0,15.0
664856,18135,Chance Adams,-0.3515040346737242,40.0,0.0,11.0
657093,17489,Spenser Watkins,-0.3644391239553171,43.0,8.0,9.0
622338,sa658076,Jesús Liranzo,-0.36445925203456436,20.0,1.0,15.0
642068,19682,Jordan Sheffield,-0.36743759264099973,22.0,3.0,15.0
642048,17888,Tayler Saucedo,-0.4025397763312879,35.0,5.0,11.0
455605,3685,J.D. Martin,-0.4099517405994075,42.0,8.0,8.0
621088,sa658824,Bryan Bonnell,-0.4110991662677152,22.0,0.0,15.0
606227,sa597725,Yoel Espinal,-0.4155511918114442,18.0,0.0,13.0
668672,sa873691,Brett Adcock,-0.4183001761268803,31.0,7.0,9.0
670104,sa918482,Colin McKee,-0.43114588174518764,18.0,0.0,14.0
657572,sa829707,Justin Ferrell,-0.44145137246571603,18.0,1.0,10.0
670159,sa918324,Carson LaRue,-0.46177549644613536,36.0,7.0,9.0
592105,sa548192,Stetson Allie,-0.4618844267343127,14.0,0.0,15.0
670436,sa918550,Mike Ellenbest,-0.5004864146936868,26.0,4.0,9.0
622783,17754,Sandy Báez,-0.6553511936223853,28.0,4.0,11.0
