mlbam,fgid,name,war,pa
545361,10155,Mike Trout,2.8208059698817776,221.0
608324,17678,Alex Bregman,2.5942115633588636,248.0
596019,12916,Francisco Lindor,2.4919661308687355,263.0
605141,13611,Mookie Betts,2.2017070513856285,258.0
665742,20123,Juan Soto,2.123412239112283,251.0
656305,16505,Matt Chapman,2.0366616397439548,234.0
592885,11477,Christian Yelich,2.0344378487851054,233.0
641355,15998,Cody Bellinger,2.0111555121152462,238.0
608070,13510,José Ramírez,1.9349037151725241,224.0
543760,12533,Marcus Semien,1.8425582518353245,251.0
543685,12861,Anthony Rendon,1.7937729737356094,225.0
592450,15640,Aaron Judge,1.7593052404296876,193.0
518735,11368,Yasmani Grandal,1.7555515033132076,199.0
650402,16997,Gleyber Torres,1.737295307790181,230.0
571448,9777,Nolan Arenado,1.7105493288815408,239.0
660670,18401,Ronald Acuña Jr.,1.6819025390976063,258.0
645277,16556,Ozzie Albies,1.6774535840173428,250.0
514888,5417,Jose Altuve,1.6191020719342395,223.0
543807,12856,George Springer,1.6149915532785497,217.0
593428,12161,Xander Bogaerts,1.5996013998881506,251.0
592663,11739,J.T. Realmuto,1.5464858043387004,216.0
518626,5038,Josh Donaldson,1.5353758078642077,200.0
592178,15429,Kris Bryant,1.521124151363169,234.0
518692,5361,Freddie Freeman,1.5024666654041896,240.0
596115,12564,Trevor Story,1.478899204262148,238.0
606466,13613,Ketel Marte,1.4399652244317298,234.0
660162,17232,Yoán Moncada,1.4243436059599643,225.0
592518,11493,Manny Machado,1.4177563420808195,251.0
646240,17350,Rafael Devers,1.4112354704025634,251.0
643446,15362,Jeff McNeil,1.4000684881816907,212.0
518934,9874,DJ LeMahieu,1.3995124269017205,235.0
547180,11579,Bryce Harper,1.372040689483341,237.0
666182,19612,Bo Bichette,1.3608733465096483,199.0
624413,19251,Pete Alonso,1.3022184631633569,230.0
571970,13301,Max Muncy,1.29041631839273,194.0
670541,19556,Yordan Alvarez,1.287755547410407,210.0
607208,16252,Trea Turner,1.2877439063366056,235.0
621566,14344,Matt Olson,1.270806607549036,216.0
608369,13624,Corey Seager,1.26537618956977,206.0
621043,14162,Carlos Correa,1.263127240614296,173.0
553993,12552,Eugenio Suárez,1.255926859189159,234.0
519203,3473,Anthony Rizzo,1.249888726106741,227.0
624424,16376,Michael Conforto,1.235032292866775,224.0
596146,12144,Max Kepler,1.214170283474294,217.0
663656,18345,Kyle Tucker,1.2023664884339578,226.0
640457,15672,Austin Meadows,1.1998983673639614,207.0
657557,18015,Paul DeJong,1.1871321160539465,234.0
593871,13152,Jorge Polanco,1.1727621595293776,243.0
645302,18363,Victor Robles,1.1665244037197466,224.0
664901,18889,Danny Mendick,1.1440200293080989,409.0
595879,12979,Javier Báez,1.1356071361930484,218.0
650333,18568,Luis Arraez,1.1154199217657803,235.0
657656,17128,Ramón Laureano,1.10864840481778,187.0
596142,11442,Gary Sánchez,1.1079270433948385,173.0
665489,19611,Vladimir Guerrero Jr.,1.1054087865968993,211.0
457759,5235,Justin Turner,1.0892697743308808,182.0
519317,4949,Giancarlo Stanton,1.0856365520480138,210.0
593160,11281,Whit Merrifield,1.0774834196809013,256.0
502110,6184,J.D. Martinez,1.056988954647537,222.0
502054,2967,Tommy Pham,1.0481271149757614,217.0
500871,6153,Eduardo Escobar,1.0469140791877733,230.0
542303,10324,Marcell Ozuna,1.0416391774711529,221.0
592743,10847,Andrelton Simmons,1.0307576648894246,199.0
665487,19709,Fernando Tatis Jr.,1.0137687421756574,159.0
593934,12164,Miguel Sanó,1.0128813111368933,179.0
571745,14274,Mitch Haniger,1.0104480543325052,182.0
457763,9166,Buster Posey,0.9844167455939028,169.0
543939,12532,Kolten Wong,0.9796343455149762,186.0
502671,9218,Paul Goldschmidt,0.9750391622691106,235.0
666176,20220,Jo Adell,0.958198196595903,227.0
669257,19197,Will Smith,0.9522056768793905,165.0
605113,12147,Nick Ahmed,0.9514834137994803,205.0
572228,14811,Luke Voit,0.9463264955968584,184.0
543768,11982,Travis Shaw,0.9384329726226115,184.0
669374,20003,Keston Hiura,0.9322310948001691,225.0
600869,13621,Jeimer Candelario,0.9299135336061055,216.0
592626,11899,Joc Pederson,0.9213379247515349,173.0
488726,4106,Michael Brantley,0.9205793880781528,213.0
624415,19252,Cavan Biggio,0.9184909494683338,211.0
656555,16472,Rhys Hoskins,0.9163629054277143,244.0
673357,20043,Luis Robert Jr.,0.9021721343443015,199.0
572761,8090,Matt Carpenter,0.8966051038891292,196.0
642715,15986,Willy Adames,0.8938134990416542,226.0
570482,10681,Gio Urshela,0.8902348663700563,185.0
516782,9241,Starling Marte,0.8873472056766002,216.0
643565,15274,Mike Tauchman,0.8865595600151676,171.0
456715,9077,Lorenzo Cain,0.883186970397795,210.0
669242,19470,Tommy Edman,0.8793055064691565,213.0
542340,10071,Jonathan Villar,0.876288259671392,235.0
605119,18289,Brian Anderson,0.87530427282067,216.0
666158,19955,Gavin Lux,0.8741030130319463,224.0
467793,2396,Carlos Santana,0.8693962057482343,224.0
649966,16622,Luis Urías,0.8671664016887061,223.0
595281,11038,Kevin Kiermaier,0.8625112029168137,167.0
608336,14128,Joey Gallo,0.8612580467914976,164.0
543877,9774,Christian Vázquez,0.8590719524627557,167.0
443558,2434,Nelson Cruz,0.8571346770467466,179.0
544369,6012,Didi Gregorius,0.8529016901341494,183.0
641598,15161,Mitch Garver,0.8487788682698005,141.0
643217,17901,Andrew Benintendi,0.8479155337990805,239.0
592696,12155,Eddie Rosario,0.8455497264256349,222.0
575929,11609,Willson Contreras,0.8450138744060545,170.0
572122,9785,Kyle Seager,0.832105978485864,199.0
647351,19844,Abraham Toro,0.8277019274850729,230.0
594809,11205,Adam Eaton,0.8110622577829514,212.0
621439,14161,Byron Buxton,0.8054173747973649,145.0
656941,16478,Kyle Schwarber,0.7984028822467005,202.0
519058,4892,Mike Moustakas,0.7909447861985608,210.0
664056,18030,Harrison Bader,0.7841073053330934,180.0
609275,13769,Adalberto Mondesi,0.7834297668032933,185.0
521692,7304,Salvador Perez,0.7808344882595362,159.0
624585,14221,Jorge Soler,0.7794724477853268,208.0
664040,18882,Brandon Lowe,0.7749293182835384,174.0
650391,17484,Eloy Jiménez,0.7710262765224632,207.0
624428,15223,Adam Frazier,0.7515959646011663,214.0
516416,5933,Jean Segura,0.7498856666707053,232.0
514917,10556,César Hernández,0.7415560401250807,242.0
621035,13757,Chris Taylor,0.74010690114399,190.0
666198,19958,Carter Kieboom,0.7325377284286252,208.0
608348,13620,Carson Kelly,0.7320964466593306,139.0
595777,10815,Jurickson Profar,0.7255156994872042,194.0
624577,14225,Yasiel Puig,0.7228520013622483,207.0
605137,13145,Josh Bell,0.7150347126601841,225.0
656669,16424,Jordan Luplow,0.7149037849153799,159.0
663757,18564,Trent Grisham,0.7115173419527665,215.0
547379,2900,Roberto Pérez,0.7079274439277602,138.0
596129,14130,Daniel Vogelbach,0.7074727192037055,199.0
669256,19294,Nick Solak,0.7063998722455427,224.0
572821,9810,Brian Dozier,0.6973889685535786,198.0
641487,15491,J.P. Crawford,0.6959651128300918,201.0
571466,10200,Tucker Barnhart,0.6946921929267668,154.0
592192,11445,Mark Canha,0.6911633727447377,171.0
660294,27459,Yoshi Tsutsugo,0.6879173544801448,206.0
553902,15608,Willians Astudillo,0.6860103970215059,123.0
453568,7859,Charlie Blackmon,0.680885759704973,234.0
641820,15149,Trey Mancini,0.680670708151867,239.0
650490,16578,Yandy Díaz,0.6796948846265887,174.0
641313,15172,Tim Anderson,0.6793859934515231,226.0
598265,12984,Jackie Bradley Jr.,0.6788086897754382,198.0
458015,4314,Joey Votto,0.6787010810530141,208.0
664761,21618,Alec Bohm,0.6770120065411652,208.0
592669,15464,Hunter Renfroe,0.6751505968525832,187.0
455139,3142,Robinson Chirinos,0.6720358844239792,136.0
663611,20521,Nick Madrigal,0.6684997030808195,197.0
660271,19755,Shohei Ohtani,0.6662418776781986,156.0
664034,17982,Ty France,0.663393004379856,212.0
425877,7007,Yadier Molina,0.6623809571756842,161.0
666134,20529,Nolan Jones,0.6608868303185503,206.0
605480,13608,Mallex Smith,0.6582978446890683,217.0
457705,9847,Andrew McCutchen,0.6571099714156675,182.0
500743,7802,Miguel Rojas,0.6544510903267232,186.0
467092,1433,Wilson Ramos,0.6543920035499761,171.0
642708,15518,Amed Rosario,0.6532529708690472,235.0
663993,19566,Nathaniel Lowe,0.65240545576043,207.0
657077,17027,Alex Verdugo,0.6372460352961911,176.0
622534,14712,Manuel Margot,0.6322308862654767,190.0
570731,11265,Jonathan Schoop,0.629671224214384,203.0
516770,4579,Starlin Castro,0.6285570470303338,236.0
670623,20036,Isaac Paredes,0.626800299790944,208.0
607043,12927,Brandon Nimmo,0.6264472026397881,159.0
645801,15585,Mike Ford,0.6203497921839292,182.0
592206,11737,Nick Castellanos,0.6201530228030939,247.0
543305,5297,Aaron Hicks,0.6181139854039066,146.0
607680,12434,Kevin Pillar,0.6169678966768306,224.0
608365,14106,Addison Russell,0.6165990379396667,157.0
572039,13367,Stephen Piscotty,0.6162875541591846,181.0
543068,12546,C.J. Cron,0.616112649044096,185.0
663586,18360,Austin Riley,0.6127946764322629,191.0
542454,10322,Danny Santana,0.6101890946509894,179.0
663647,18577,Ke'Bryan Hayes,0.6012049551119107,190.0
677551,23667,Wander Franco,0.5982974694616924,183.0
666185,20126,Dylan Carlson,0.5927553957229568,208.0
543510,12859,James McCann,0.5922284766377434,166.0
668670,19452,Jake Rogers,0.5878912181744209,158.0
621563,13853,Joey Wendle,0.5869222042606939,169.0
662139,19918,Daulton Varsho,0.585283770925723,168.0
668942,19734,Josh Rojas,0.5805871161621213,216.0
594777,11200,Kole Calhoun,0.5780703876825852,215.0
673451,27461,Shogo Akiyama,0.5700968272240918,243.0
621020,18314,Dansby Swanson,0.5682165441262284,210.0
664023,17919,Ian Happ,0.5616463026331536,204.0
576397,10816,Jedd Gyorko,0.5538101250420456,129.0
542255,4922,Ender Inciarte,0.549160409470186,202.0
668939,26288,Adley Rutschman,0.5477286152189086,238.0
656821,16593,Kevin Padlo,0.547376439504478,171.0
664702,17620,Myles Straw,0.5412002621238516,196.0
664058,17992,David Fletcher,0.5318603300442313,234.0
670712,19683,Mike Brosseau,0.5317246311322945,168.0
669221,19352,Sean Murphy,0.5313804746956554,114.0
668800,19514,Andrew Knizner,0.5244904288624754,138.0
641914,19635,Sheldon Neuse,0.5229868399749021,218.0
669720,19363,Austin Hays,0.5150178055096625,187.0
429665,2151,Edwin Encarnación,0.5102246730947628,168.0
672386,22581,Alejandro Kirk,0.5061356563219498,139.0
518595,7739,Travis d'Arnaud,0.5058857538692945,141.0
621028,17696,Kevin Newman,0.5045419524002649,218.0
643376,16535,Danny Jansen,0.5043610468879607,151.0
593643,11902,Hanser Alberto,0.5035071834810202,194.0
462101,8709,Elvis Andrus,0.5031169243950662,227.0
444482,2136,David Peralta,0.49889071998218404,182.0
542932,12037,Jon Berti,0.49542294192826103,134.0
578428,10231,Jose Iglesias,0.4935531060896825,192.0
657247,16680,Brian O'Keefe,0.4931563122924324,132.0
670764,22458,Taylor Walls,0.49196092173831296,179.0
541645,5760,Avisaíl García,0.4910194019102745,193.0
543401,9776,Jason Kipnis,0.4909260133959943,189.0
553882,13338,Omar Narváez,0.4880162210890434,155.0
573262,14854,Mike Yastrzemski,0.4878399125719047,190.0
545341,10243,Randal Grichuk,0.484846734936091,212.0
670032,19339,Nicky Lopez,0.48399293163635604,207.0
453943,785,Todd Frazier,0.4835972954062856,186.0
620439,15519,Franklin Barreto,0.48160249278708844,188.0
664119,18083,Austin Allen,0.48115571847828054,167.0
605131,12158,Austin Barnes,0.47892803025875974,118.0
488671,7476,Alex Avila,0.4780841990425908,90.0
641796,15124,Tim Locastro,0.47370139559109126,169.0
595909,14477,Jake Cave,0.4735228070305521,182.0
543063,5343,Brandon Crawford,0.47296819742465723,198.0
474832,10264,Brandon Belt,0.47085482745105095,193.0
503556,5497,Marwin Gonzalez,0.4686299038703836,180.0
650859,19858,Luis Rengifo,0.46771176519302715,208.0
572041,9256,AJ Pollock,0.4673469999383748,149.0
476704,4418,Jed Lowrie,0.46670428960008187,187.0
621500,14555,Wyatt Mathisen,0.4665359372230009,140.0
546318,11476,Odúbel Herrera,0.4656076702201187,187.0
595978,12976,Austin Hedges,0.4630728328550433,135.0
614177,14566,Franmil Reyes,0.4626325239273771,206.0
452678,4962,Asdrúbal Cabrera,0.4597805741347346,186.0
547989,15676,José Abreu,0.4588354124673709,237.0
660688,19610,Keibert Ruiz,0.4583434202621393,147.0
605196,16211,Kevin Cron,0.45722893325732855,178.0
605170,14968,Victor Caratini,0.4558249428113331,132.0
608596,13499,Tom Murphy,0.45573387465706205,111.0
608703,13788,Matt Reynolds,0.45219770350488986,151.0
594807,10950,Adam Duvall,0.44900330001278366,198.0
488771,8722,Jason Castro,0.44686067307151256,107.0
641531,15117,Hunter Dozier,0.44507705834889044,212.0
542513,10067,Tomás Telis,0.43856321793083264,131.0
572816,10762,Corey Dickerson,0.43712196694591227,175.0
642082,15694,Chance Sisco,0.4332479323848406,147.0
663898,17907,Brendan Rodgers,0.432115873718645,141.0
663538,21479,Nico Hoerner,0.42524610625340903,188.0
643289,16530,Mauricio Dubón,0.42400473797018057,229.0
446334,9368,Evan Longoria,0.4239097883663879,194.0
572233,13419,Christian Walker,0.4212056157000265,205.0
641432,17838,Willie Calhoun,0.4204180189116198,204.0
622666,14950,Johan Camargo,0.41915001058726786,164.0
596059,12282,Rougned Odor,0.4184779790072377,223.0
518618,10542,Derek Dietrich,0.41791295030378617,158.0
621493,17548,Taylor Ward,0.41664409703128064,202.0
641470,19181,Zack Collins,0.4159857307223691,170.0
519346,3711,Eric Thames,0.41512421456013987,157.0
680777,24618,Ryan Jeffers,0.4134598092582046,149.0
624512,15674,Reese McGuire,0.4129069203978582,139.0
452095,9134,Tyler Flowers,0.41231042294215825,112.0
642336,16403,Francisco Mejía,0.41154908096361154,158.0
455117,6887,Martín Maldonado,0.41078471633301283,138.0
543543,12775,Brad Miller,0.41012653878854455,135.0
600303,12371,Tommy La Stella,0.40978308126430885,107.0
640458,16375,Óscar Mercado,0.4094048321796865,222.0
571976,10047,Wil Myers,0.406763385644429,190.0
502210,3892,Josh Reddick,0.40413919917011953,186.0
543228,9627,Yan Gomes,0.40241071433785724,133.0
595943,12950,Phillip Evans,0.4018373579451414,186.0
668804,19326,Bryan Reynolds,0.40090882371843617,210.0
623182,13910,Patrick Kivlehan,0.39956637171381326,170.0
605412,11936,Joe Panik,0.3995459251456227,184.0
650489,17338,Willi Castro,0.39814339678238253,232.0
605233,16192,Derek Fisher,0.39757802963186784,166.0
457803,9892,Jay Bruce,0.39648701542180503,154.0
571980,13359,Tyler Naquin,0.39516504635894284,124.0
606213,17423,Yermín Mercedes,0.3942229876285602,153.0
425784,3648,René Rivera,0.39323424593641293,120.0
595956,12981,Cam Gallagher,0.39257672225796114,106.0
605421,12977,Michael Pérez,0.3884520538764827,111.0
591971,12758,Breyvic Valera,0.3877391634335737,178.0
572287,13265,Mike Zunino,0.38571048513325756,141.0
605353,17684,Vimael Machín,0.38561316304787085,182.0
570267,10348,Domingo Santana,0.38142376907674314,189.0
518792,4940,Jason Heyward,0.37930817837470965,198.0
444489,2829,Manny Piña,0.37840748331846213,100.0
649557,15937,Aledmys Díaz,0.375320176339223,147.0
663698,21524,Joey Bart,0.3748526384603361,128.0
663728,21534,Cal Raleigh,0.37466575420135667,176.0
664068,17975,Scott Kingery,0.37390820129628305,201.0
599096,14335,Dilson Herrera,0.37348987061475114,160.0
457708,5222,Justin Upton,0.3716573370590149,175.0
621002,14145,Daniel Robertson,0.370720770729399,139.0
596056,16852,John Nogowski,0.3685427124110474,156.0
656371,17922,Isan Díaz,0.36838742094241494,200.0
622110,13836,Matt Duffy,0.36690406506761597,143.0
596117,18067,Garrett Stubbs,0.36578002044560903,119.0
640461,15191,Chad Pinder,0.36427789190346227,143.0
623520,14593,David Bote,0.3639886254882394,162.0
606992,14111,Eric Haase,0.35956288533111364,154.0
644337,15407,Nate Orf,0.3565310989868389,179.0
571788,9345,Brock Holt,0.35642965377471975,128.0
592348,12092,Niko Goodrum,0.3546514850458624,176.0
605548,16221,Bradley Zimmer,0.35124264507063185,134.0
605204,16219,J.D. Davis,0.3506137336957361,183.0
608577,14553,Nomar Mazara,0.34836442578155546,202.0
671289,22532,Tyler Freeman,0.34708713223822724,201.0
620443,15905,Luis Torrens,0.34209314003171126,162.0
596847,5452,Ji Man Choi,0.341444706881055,165.0
602922,14140,José Rondon,0.34103420983123295,140.0
630105,18036,Jake Cronenworth,0.3405425105431872,181.0
607732,13723,Jacob Stallings,0.33860223203253836,104.0
493329,19198,Yuli Gurriel,0.3380818646254978,204.0
547172,11470,Tony Wolters,0.33426917443041293,133.0
607111,13254,Jacob Wilson,0.3315606545034918,167.0
570256,12907,Gregory Polanco,0.33141796423041625,148.0
519299,7927,Eric Sogard,0.3303835867914425,150.0
571875,13329,Jake Lamb,0.3267334452406103,152.0
621005,14137,Tim Lopes,0.32651477238567167,197.0
571771,10472,Enrique Hernández,0.32631220502106384,162.0
493316,13110,Yoenis Cespedes,0.3252781448403296,95.0
475253,9054,Justin Smoak,0.32499671575046674,181.0
656308,17321,Michael Chavis,0.3247623655918988,175.0
547004,14103,Rio Ruiz,0.3246177247960974,189.0
624414,16434,Christian Arroyo,0.32351450068326154,103.0
602104,18795,Ramón Urías,0.3232005211074888,151.0
519306,5667,Steven Souza Jr.,0.3227315776979773,141.0
665804,21693,Miguel Amaya,0.3207200773198261,163.0
542921,7949,Tim Beckham,0.31975553105400784,154.0
656180,19864,Riley Adams,0.3168711869669495,147.0
545121,13324,Ildemaro Vargas,0.31659069995120115,181.0
460075,3410,Ryan Braun,0.3147302657929678,166.0
641856,15654,Billy McKinney,0.3132457155028937,172.0
643393,14894,Tony Kemp,0.312767236606582,159.0
608700,13807,Kevin Plawecki,0.31224035505367553,103.0
542583,11342,Jesús Aguilar,0.3091358159243134,155.0
669222,19293,Nick Senzel,0.3085529790584314,169.0
571679,10619,David Freitas,0.30764415235316256,130.0
543309,5517,Kyle Higashioka,0.3064775767094736,115.0
666139,19953,Josh Lowe,0.30588221234815294,190.0
572863,9433,Dustin Garneau,0.3052460857364404,87.0
489149,9205,Logan Morrison,0.3040766216314369,140.0
501981,9112,Khris Davis,0.3034430775341991,202.0
644374,14773,Yu Chang,0.30138291452647714,159.0
502481,4866,Jarrod Dyson,0.30021319804131286,141.0
614173,14567,Franchy Cordero,0.2992204123694493,131.0
596103,16153,Austin Slater,0.29911491856129113,173.0
545350,11339,Jake Marisnick,0.298976641872322,115.0
666213,19961,Colton Welker,0.29862103932576217,178.0
605361,12005,Nick Martini,0.29496599977938387,156.0
520471,6609,Freddy Galvis,0.2944587562794344,226.0
446359,2616,Zack Cozart,0.2937535863805718,121.0
460086,5209,Alex Gordon,0.29345885090734397,195.0
542992,12779,Andy Burns,0.2907190091238865,175.0
501896,9549,David Freese,0.2905963210354204,77.0
609280,15878,Miguel Andujar,0.28975360751804236,200.0
657739,sa829058,Jamie Ritchie,0.2879923290020252,112.0
446308,4298,Matt Wieters,0.2876240084959148,111.0
435559,8259,Kurt Suzuki,0.28760240851334967,112.0
500874,7996,José A. Martínez,0.28740974130182617,166.0
544725,5913,Leury García,0.28428811505001206,200.0
425783,3174,Shin-Soo Choo,0.2815123094493325,214.0
621311,13744,David Dahl,0.2784420358511713,158.0
641680,16930,Jonah Heim,0.27836513456759415,146.0
670370,19521,Andrew Young,0.27588781822990704,193.0
658069,16885,Joshua Fuentes,0.2743569323110956,191.0
571697,10339,Scooter Gennett,0.2738733216285056,174.0
588751,10459,Adeiny Hechavarría,0.2723731991927877,132.0
641933,15711,Tyler O'Neill,0.27052916620393075,165.0
527038,5827,Wilmer Flores,0.2689257199088166,139.0
642133,15679,Rowdy Tellez,0.26780999546971523,192.0
621433,14735,Brett Phillips,0.26754089843312745,180.0
641857,15112,Ryan McMahon,0.26663664683472477,197.0
642162,14885,Pat Valaika,0.26658193960642534,160.0
606299,13593,José Peraza,0.2664997087691492,203.0
643392,sa738208,Jon Kemmer,0.2656897243441734,152.0
641583,17098,Dustin Fowler,0.2647069129496808,209.0
429664,3269,Robinson Canó,0.2638487580888412,139.0
608686,15402,Jack Mayfield,0.2618780840756234,175.0
456030,8370,Dustin Pedroia,0.2584168581048908,132.0
656775,17929,Cedric Mullins,0.2555869101248198,222.0
571718,12858,Brian Goodwin,0.25546425162313036,157.0
553988,11472,Dixon Machado,0.25307006494874296,143.0
502517,4316,Daniel Murphy,0.25151429308284284,174.0
670097,19562,Zack Short,0.24997243302997307,162.0
666971,19238,Lourdes Gurriel Jr.,0.24909925935465724,176.0
657193,16959,Eddy Alvarez,0.24784469744640303,140.0
605486,12294,Cory Spangenberg,0.2473786261509549,201.0
640447,14738,Phillip Ervin,0.24654169183239658,165.0
605520,13006,Mitch Walding,0.24646989731420252,151.0
623168,13897,Tyler Heineman,0.24605404852681323,102.0
543257,5254,Robbie Grossman,0.24587658358974349,170.0
642851,15271,Austin Wynns,0.24532372355475426,125.0
680911,24655,Owen Miller,0.2450360576671868,205.0
608385,13590,Jesse Winker,0.24212453307153475,154.0
641878,15156,Ian Miller,0.24032739276451595,196.0
527049,7216,César Puello,0.2400606459582576,131.0
664926,18206,Nick Dini,0.239494543361147,117.0
642136,19318,Matt Thaiss,0.23448705230550881,206.0
657027,sa829082,Nick Tanielu,0.23439052983502323,184.0
666163,20287,Ben Rortvedt,0.23368736654003155,131.0
679727,sa3005394,Lorenzo Quintana,0.23290082386502128,106.0
668681,sa913305,Logan Ice,0.2304730494976685,111.0
624503,16337,Nick Gordon,0.2277156547102597,182.0
453064,3531,Troy Tulowitzki,0.22454976106439484,108.0
607054,12325,Jace Peterson,0.22423115084559306,160.0
543432,8879,Ryan Lavarnway,0.2163085521682179,97.0
451594,4062,Dexter Fowler,0.21570697079973278,175.0
660644,20536,Vidal Bruján,0.2156508395380557,185.0
435263,4810,Brian McCann,0.21454033958052987,113.0
668227,19290,Randy Arozarena,0.21249928698270507,170.0
596748,12179,Maikel Franco,0.21210554719056043,193.0
465041,5275,Francisco Cervelli,0.20957043129752637,105.0
607345,12284,Kevan Smith,0.20919818998843379,99.0
543829,8203,Dee Strange-Gordon,0.20835193957978565,199.0
459964,3353,Matt Joyce,0.2071734806957763,115.0
592622,16042,Mark Payton,0.2065261064547295,152.0
519222,5491,Austin Romine,0.20617937807362768,89.0
641505,15104,Jonathan Davis,0.20567855777700908,181.0
621550,13602,Patrick Wisdom,0.20536059631541267,173.0
501303,8418,Ehire Adrianza,0.20393960491519056,102.0
625510,15817,Erick Mejia,0.2031975496954889,214.0
641343,15194,Jake Bauers,0.1999588157220452,205.0
606192,13066,Teoscar Hernández,0.19963232210521137,200.0
666915,19966,Bobby Dalbec,0.199589568289568,193.0
606157,15482,Aristides Aquino,0.19923845701966292,195.0
594824,10951,Greg Garcia,0.19754210723994262,124.0
669134,22217,Luis Campusano,0.19705443753644802,171.0
547982,11846,Leonys Martin,0.196098352062695,139.0
642721,17468,Kelvin Gutiérrez,0.19546498549996538,163.0
665120,18607,Jared Walsh,0.19499717062987243,189.0
506747,8298,Francisco Peña,0.19481088339289862,96.0
628451,18819,Andy Ibáñez,0.19471524407445617,188.0
592407,11287,Bryan Holaday,0.19405731935582274,95.0
665506,19948,Cristian Pache,0.1928589152974341,204.0
622268,19314,Donovan Walton,0.19016615082925903,194.0
543333,3516,Eric Hosmer,0.1863887523553472,241.0
650619,17109,Meibrys Viloria,0.1843326492121835,156.0
621008,19477,Alex De Goti,0.1840945459835268,193.0
664029,18032,Mark Mathias,0.18330737319934065,174.0
606115,13185,Orlando Arcia,0.18255872439430154,206.0
543482,11381,Drew Maggi,0.18225180513187061,158.0
628450,19334,Yadiel Hernandez,0.18157532761615833,172.0
641658,19262,Garrett Hampson,0.17976400843528673,190.0
657061,17326,Cole Tucker,0.17970981461950128,203.0
519390,5000,Stephen Vogt,0.17870291282530587,124.0
613564,16686,Jason Vosler,0.17779670805522121,177.0
592273,11615,Brandon Drury,0.17709767930593723,167.0
548431,sa492636,Martin Cervenka,0.17594275518488287,126.0
578570,12140,Juniel Querecuto,0.1754949622218577,158.0
592567,16909,Colin Moran,0.17536824822624236,183.0
592261,11379,Delino DeShields,0.17400415470848035,172.0
641645,16451,Luis Guillorme,0.17313166495396418,160.0
571740,10199,Billy Hamilton,0.17222184354936737,176.0
431145,4616,Russell Martin,0.17147078175608807,96.0
606019,19780,Esteban Quiroz,0.1711048308014051,127.0
573135,10807,Tyler Saladino,0.17051560685878953,128.0
608422,15808,José Godoy,0.17014698825978897,107.0
624641,17022,Edmundo Sosa,0.17005535306616618,187.0
541650,5751,Hernán Pérez,0.16818783029828774,150.0
456124,4403,Erik Kratz,0.16807083705215306,82.0
457727,5223,Cameron Maybin,0.16799559882209628,136.0
642731,16426,Thairo Estrada,0.1673166843431022,156.0
656252,17278,Bobby Bradley,0.1669932587824794,195.0
572191,11489,Michael A. Taylor,0.16647962778459083,139.0
606988,17062,Grayson Greiner,0.1653054362507708,118.0
570560,11602,Yolmer Sánchez,0.16449207445402367,212.0
596012,17689,Kevin Kramer,0.16435453477144352,183.0
624407,14678,Tzu-Wei Lin,0.16386196668588526,129.0
607249,12394,Jason Krizan,0.16324750544528657,163.0
542194,10028,Christian Bethancourt,0.1617728443843754,103.0
643603,15564,Tyler White,0.1610489728588212,161.0
547173,13472,Christian Lopes,0.16050229269178756,187.0
657041,16939,Lane Thomas,0.1595257404241333,163.0
596825,13167,Robel García,0.15925720354868073,174.0
502273,11241,Mike Freeman,0.1585037008256915,117.0
640449,15983,Clint Frazier,0.15802373944283818,181.0
518568,11145,Christian Colón,0.1579941022625035,181.0
502082,7571,Lonnie Chisenhall,0.15795802831580597,102.0
456078,3256,Welington Castillo,0.15765911050732564,109.0
453056,4727,Jacoby Ellsbury,0.15592770455569455,111.0
641569,sa737922,Xavier Fernández,0.15480976692213494,109.0
628356,17182,Jung Ho Kang,0.15446386604129753,111.0
669364,22266,Xavier Edwards,0.15412243237406686,203.0
518960,7870,Jonathan Lucroy,0.1527534287931882,142.0
571506,9744,Justin Bour,0.15084606148605656,148.0
519048,3086,Mitch Moreland,0.14971916879996572,149.0
542208,10642,Carlos Pérez,0.14829401739504705,132.0
663886,17988,Tyler Stephenson,0.14809169507408448,149.0
592387,15447,Ryon Healy,0.14659935270519497,179.0
595375,17642,JT Riddle,0.1446299606380522,130.0
664954,18217,Brett Sullivan,0.14226213385549585,164.0
621559,14556,Max Moroff,0.14178779565796315,119.0
670462,20034,Hunter Owen,0.14123647773678935,151.0
666135,20325,Alex Kirilloff,0.14011895310721262,188.0
435062,4229,Howie Kendrick,0.13918377426526787,125.0
669699,25817,Braden Shewmake,0.13877084141855006,176.0
546991,14109,Albert Almora Jr.,0.13811391724634708,163.0
606132,14350,Raimel Tapia,0.137735543069381,183.0
669087,22209,Sam Huff,0.13762001481907477,182.0
595751,12180,Jorge Alfaro,0.1361670450761288,167.0
446481,6589,Sean Rodríguez,0.1352555793163168,73.0
669288,19643,Daniel Johnson,0.13472539039047532,199.0
592444,14818,JaCoby Jones,0.1345180749500553,162.0
593495,15450,Daniel Castro,0.13226868608968584,133.0
592863,11859,Mason Williams,0.1321848197562139,185.0
606993,12198,Jake Hager,0.130392944335172,138.0
664767,sa875053,Kade Scivicque,0.12856797983169016,116.0
680776,24617,Jarren Duran,0.12671165133818205,206.0
668663,19977,Tres Barrera,0.12444874724048222,133.0
501659,5486,Abraham Almonte,0.12389720809329544,134.0
595453,17161,Chad Wallach,0.12349710567902311,74.0
607776,14158,Mac Williamson,0.12304230395738075,120.0
656455,sa828692,Michael Gettys,0.1225756359187528,196.0
600474,14523,Pedro Severino,0.12224324196196432,125.0
608475,14713,Dawel Lugo,0.12161447942701659,224.0
664789,18136,Ka'ai Tom,0.1208549914648564,193.0
676625,19768,Rylan Bannon,0.11957000845277273,189.0
669137,19292,Armando Alvarez,0.11826745426166302,172.0
642736,16404,Domingo Leyba,0.11788100280556595,182.0
545358,10059,Max Stassi,0.11658074897292531,87.0
602074,15794,Yonathan Daza,0.11584866133466461,195.0
593647,12944,Sócrates Brito,0.11519670194590426,175.0
656185,16623,Greg Allen,0.11269325645956854,179.0
607430,13012,John Andreoli,0.1118265054741279,176.0
600466,15766,Raudy Read,0.11134402258140882,137.0
621438,13675,Tyrone Taylor,0.10995429212034102,159.0
670276,22411,Cal Stevenson,0.10946482446817232,176.0
621531,sa658013,Ronnie Freeman,0.10935179779364078,76.0
600524,14503,Renato Núñez,0.10915384244174653,213.0
506703,11338,Adrián Sanchez,0.10838192568547267,128.0
669289,19997,Santiago Espinal,0.10634378125007449,198.0
542963,10655,Rob Brantly,0.10537862822352972,106.0
502226,9571,Craig Gentry,0.10514496609956082,81.0
615697,sa738204,Daniel Pinero,0.10363481899465216,167.0
543148,8609,Tim Federowicz,0.10305060648873368,99.0
621573,18288,Austin Dean,0.10296640783117522,186.0
573041,sa503239,Peter Mooney,0.10004408001437798,135.0
621011,17750,Max Schrock,0.09930364383982297,151.0
623214,15496,Abiatal Avelino,0.09871190094364561,193.0
656811,16442,Ryan O'Hearn,0.09720530498657953,198.0
591720,11400,Ronald Torreyes,0.09713031150426074,127.0
475247,7888,Ryan Flaherty,0.09698087293297981,153.0
593993,13151,José Briceño,0.09680983720316368,102.0
672284,22558,Jarred Kelenic,0.095921800647416,180.0
622682,15487,Victor Reyes,0.09470869044346752,209.0
621529,14412,Joe Hudson,0.09448455414024635,81.0
594011,11611,Rosell Herrera,0.0940733506711031,139.0
643418,16542,Shed Long Jr.,0.09375013220095033,173.0
643265,15279,Garrett Cooper,0.09199483693032584,152.0
621466,17766,DJ Stewart,0.08989141100304529,181.0
571657,14813,Kyle Farmer,0.08846953119406098,118.0
624507,15982,Ryder Jones,0.08710876479646508,164.0
663624,18373,Ryan Mountcastle,0.08620587177541278,196.0
656883,17837,Jakson Reetz,0.08562444115053036,130.0
501571,5384,Juan Lagares,0.08509896767737121,100.0
517369,5485,José Pirela,0.08435507765025888,166.0
534606,10700,Ryan LaMarre,0.08382085885706606,149.0
681146,24703,Jonah Bride,0.08329539068009101,172.0
519333,11255,Matt Szczur,0.0817007099222969,68.0
663697,21523,Jonathan India,0.08087665190228455,181.0
543377,5503,Corban Joseph,0.0790269439104596,173.0
676391,20352,Ernie Clement,0.07890161586267799,173.0
647304,18839,Josh Naylor,0.07878158391026699,207.0
664916,sa875766,Drew Ferguson,0.07855444144760754,167.0
664774,18126,LaMonte Wade Jr.,0.07809654347747108,173.0
571431,9393,Matt Adams,0.0780919260636159,125.0
664750,sa875729,Chad De La Guerra,0.07549879606739937,135.0
642456,19615,Luis Barrera,0.07492023451072782,146.0
660613,sa881850,Ronaldo Hernández,0.07426111505534758,165.0
543592,15941,Austin Nola,0.07164873868101823,157.0
594988,12225,Scott Schebler,0.07158098367581502,159.0
607461,17710,Matt Beaty,0.07115019477971257,161.0
664866,sa875667,Austin Bossart,0.070019079732852,99.0
594694,14320,Wilmer Difo,0.06951814960904854,162.0
600898,sa597007,Jecksson Flores,0.0685293728213594,174.0
620453,15988,Deivy Grullón,0.06790130517193857,173.0
680757,24610,Steven Kwan,0.06760492540549777,203.0
605244,16925,Aramis Garcia,0.066717946712437,153.0
656514,19878,Adam Haseley,0.06373398703907718,189.0
595373,14938,Jack Reinheimer,0.06373266685039951,159.0
543302,9284,Chris Herrmann,0.06257982381018998,75.0
623993,14551,Anthony Santander,0.06191607613652811,214.0
592660,10839,Rangel Ravelo,0.06018862487901128,150.0
624523,sa737614,Riley Unroe,0.05865399651499981,177.0
660710,20958,Rodolfo Durán,0.05790590212391586,111.0
608715,13795,Eric Stamets,0.05786459188568925,134.0
669023,22202,Jeter Downs,0.056941777749639155,203.0
624513,15055,Dom Nuñez,0.055731941135216706,126.0
621514,17714,Christin Stewart,0.0539318687920875,205.0
506702,5273,Sandy León,0.05361666051395872,100.0
642220,sa738324,Jantzen Witte,0.053317863926416256,157.0
661531,19422,Brian Serven,0.05264687979825772,102.0
622168,16313,Yairo Muñoz,0.052608829061036894,143.0
641553,15082,Adam Engel,0.05188879878583408,188.0
642086,15653,Dominic Smith,0.05129064134930794,186.0
600301,12399,Taylor Motter,0.04927622792967118,130.0
608061,12495,T.J. Rivera,0.04914362974142285,109.0
592200,12510,Curt Casali,0.04686687544109122,104.0
682079,sa3006927,Chase Calabuig,0.04677047306084153,183.0
518586,3298,Charlie Culberson,0.045800959923150975,110.0
657253,sa829062,Chris Rabago,0.04516723433240277,101.0
572073,13277,Joey Rickard,0.04477520148787614,156.0
641958,15119,Jordan Patterson,0.04237358814553788,167.0
664060,sa857840,Kyle Holder,0.041739729851664575,163.0
670351,19331,Jose Rojas,0.04091471412680164,199.0
642772,17839,Luis Alexander Basabe,0.040843043943751295,158.0
581527,13862,Devon Travis,0.040485711506144544,119.0
595144,14936,Jaycob Brugman,0.04004875669448646,135.0
607333,12384,Beau Taylor,0.039807361764494176,116.0
553869,11680,Elias Díaz,0.03978658522571188,134.0
622100,19533,Taylor Jones,0.039520793604694016,186.0
642180,15730,Tyler Wade,0.038350134796902,173.0
608339,14973,Zach Green,0.0379732812652632,130.0
628329,17016,Rusney Castillo,0.0369161525917516,172.0
622761,17273,Jorge Mateo,0.03550346076431188,208.0
664238,18042,Dylan Moore,0.03496832749592535,151.0
500135,11875,Ronny Rodríguez,0.03225080346155723,179.0
624419,16291,Nick Ciuffo,0.031889455404772615,108.0
656976,19892,Pavin Smith,0.031395058981633917,184.0
571685,sa502038,Anthony García,0.031287962730545404,148.0
623323,17806,Braden Bishop,0.03122615730057015,151.0
542364,10323,Rafael Ortega,0.02906679196175798,198.0
676070,23296,Jacob Amaya,0.028440952682989185,195.0
664041,19552,Jaylin Davis,0.028025776686559478,202.0
666179,20493,Seth Beer,0.02531089457028418,209.0
543105,12649,Alex Dickerson,0.02448905381519309,119.0
664120,sa875626,Max McDowell,0.023744144643304627,116.0
456781,8623,Donovan Solano,0.02330762514318385,138.0
660829,18027,Hoy Park,0.023105648071141613,177.0
621471,15103,Boog Powell,0.0223247990214525,140.0
621453,17719,Steven Duggar,0.020524442510533626,164.0
446653,4243,Jose Lobatón,0.0204760545018913,109.0
547179,14843,Michael Lorenzen,0.019110315144071396,18.0
608597,14388,Ronald Guzmán,0.01819296552214228,177.0
519237,11146,Cameron Rupp,0.01789476090876685,104.0
593590,14636,Webster Rivas,0.01785579561684933,91.0
623180,13905,Seth Mejias-Brean,0.01681921634479991,178.0
474568,6547,Jordy Mercer,0.016210399154384714,152.0
622668,15971,Ivan Castillo,0.014638661421060871,167.0
543308,12547,John Hicks,0.014434663132258052,127.0
592122,11850,Tyler Austin,0.014357174740847772,121.0
623205,14196,Andrew Velazquez,0.013536612446599733,143.0
621458,18316,Edwin Rios,0.013456287783071084,180.0
435079,6195,Ian Kinsler,0.012720953348909818,129.0
592723,sa548430,Wynston Sawyer,0.012618126411920477,75.0
669397,22277,Nick Allen,0.011947442725570412,164.0
630034,sa735825,David Rodríguez,0.011304576349258383,126.0
591741,12937,José Osuna,0.010099334450149947,154.0
592808,13414,Andrew Toles,0.00975827402323498,92.0
667719,sa3004255,Renae Martinez,0.00975364684222596,140.0
435522,7539,Neil Walker,0.009101190153810057,144.0
461865,1159,Andrew Romine,0.007960929055108978,130.0
622569,16357,Pablo Reyes,0.007220093117153575,162.0
592325,12160,Ben Gamel,0.005003328317003813,170.0
656494,16098,Taylor Gushue,0.004835319637964325,124.0
543484,13130,Mikie Mahtook,0.0044131603123210295,164.0
542436,6013,Cristhian Adames,0.0019406571201875458,133.0
665926,19950,Andrés Giménez,0.0013524128078829245,187.0
596451,13546,Roman Quinn,0.0013143348011339373,87.0
523253,7185,Logan Forsythe,-0.0005300602999792001,146.0
664731,18433,P.J. Higgins,-0.0009484626971385524,160.0
592629,sa548359,Roberto Peña,-0.0020104581172081526,82.0
455976,5930,Nick Markakis,-0.0036199865567005385,197.0
650907,19859,René Pinto,-0.0054491766822301335,113.0
642165,15170,Josh VanMeter,-0.005879771326995076,185.0
571467,9787,Steven Baron,-0.005882759150683925,69.0
665019,20572,Kody Clemens,-0.006555713795831614,185.0
676761,20463,Irving Lopez,-0.007264641127491353,157.0
682109,sa3006735,Justin Toerner,-0.007451048438853997,161.0
665947,21794,Sherten Apostel,-0.009010233192602746,176.0
623166,13891,Mike Miller,-0.009195386932455252,121.0
519295,5408,Jake Smolinski,-0.010526784680385731,101.0
663662,18353,Daz Cameron,-0.010553824350632249,201.0
641513,15958,Travis Demeritte,-0.014631917530774863,201.0
641884,sa739013,Dominic Miroglio,-0.015632307695443354,99.0
595222,16115,Mike Gerber,-0.015701879009160605,183.0
542908,12508,Jett Bandy,-0.01600335962678376,101.0
641525,15214,Brandon Dixon,-0.017755228714106674,164.0
543281,8202,Josh Harrison,-0.018013066962028,140.0
621532,13854,Anthony Bemboom,-0.01899478004563751,76.0
450314,7435,Ben Zobrist,-0.019449434321146056,119.0
502117,5306,Kristopher Negrón,-0.02064907946849573,151.0
665750,18900,Leody Taveras,-0.020927744699553164,225.0
467055,5409,Pablo Sandoval,-0.02124649558040191,111.0
631222,sa736830,Michael De La Cruz,-0.021585319751165177,80.0
434670,8001,Hanley Ramirez,-0.02229053196742209,140.0
595885,14131,Greg Bird,-0.022915289443262626,103.0
656340,sa915611,Brett Cumberland,-0.023023095110127484,125.0
645305,18551,Ali Sánchez,-0.023561724811434342,139.0
607223,16246,AJ Reed,-0.02664728815864531,162.0
492802,5398,Juan Graterol,-0.028921792441792105,84.0
571830,10349,Tommy Joseph,-0.02993697732774886,155.0
677965,sa3005235,Jimmy Kerrigan,-0.030835883587625144,144.0
571912,13355,Luke Maile,-0.03116860138930111,72.0
667372,sa917669,Julio E. Rodriguez,-0.033230119722321344,127.0
547170,13157,Nicky Delmonico,-0.034718778234964984,97.0
607468,16271,Alex Blandino,-0.03503376840113329,137.0
600858,13595,Humberto Arteaga,-0.03579499983744087,174.0
592620,11624,Jarrett Parker,-0.03641854958064271,137.0
621044,14548,Jesmuel Valentín,-0.04027706532801395,154.0
500208,5352,Yangervis Solarte,-0.040944139677525825,151.0
570481,13369,Erik González,-0.041273544575907734,100.0
542979,9253,Keon Broxton,-0.04163476343982319,135.0
514913,5519,Rubén Tejada,-0.04212702354879565,127.0
475582,4220,Ryan Zimmerman,-0.043163981843174715,129.0
641786,19508,Kyle Lewis,-0.043649403180013036,196.0
656734,sa3002836,Evan Mendoza,-0.04523011449073152,151.0
592680,11863,Yadiel Rivera,-0.04525802421455688,136.0
656467,18482,Chris Gittens,-0.045527251461426,154.0
670298,20022,Kramer Robertson,-0.04664503557930319,171.0
621512,13755,Tomás Nido,-0.047118120692678206,115.0
674418,sa3007635,Jon Rosoff,-0.04714551610349184,65.0
493596,9015,Gordon Beckham,-0.04741830188506894,124.0
664966,sa875808,Jonathan Morales,-0.0474736092495851,123.0
465753,8385,Pedro Florimón,-0.047565857571285744,149.0
518577,7250,Collin Cowgill,-0.04790353151782501,103.0
518614,8392,Daniel Descalso,-0.04798967939879499,118.0
643396,16512,Isiah Kiner-Falefa,-0.05010547970242629,161.0
571602,7226,Matt Davidson,-0.051020499760714544,179.0
541600,10416,Wilfredo Tovar,-0.05157404038867247,158.0
642211,15490,Justin Williams,-0.05161673365786054,142.0
642221,15994,Kean Wong,-0.05217657090919332,196.0
641829,16429,Jason Martin,-0.052452448924400874,183.0
656509,17216,Monte Harrison,-0.053069142765277584,166.0
663708,sa875231,Gabriel Cancel,-0.054574688940217386,197.0
644433,16953,Chadwick Tromp,-0.055348018313086556,87.0
571918,13325,Deven Marrero,-0.05742982956928136,143.0
545331,sa502787,Andrew Aplin,-0.05762262533039472,101.0
607632,sa600255,Chris Mariscal,-0.059487000925614104,166.0
621450,17723,Skye Bolt,-0.05967344407917466,161.0
572365,9807,Ryan Goins,-0.06064020137307497,155.0
670768,20332,Luis González,-0.060681938138982094,192.0
620444,sa739541,Alexander Palma,-0.06093493506686841,81.0
656577,17276,Alex Jackson,-0.060962892666091784,142.0
491696,5942,Jesús Sucre,-0.06242323389410406,88.0
475174,2530,Yonder Alonso,-0.06490156265146332,158.0
518902,2539,Pete Kozma,-0.06606707430670644,120.0
592685,11761,Drew Robinson,-0.0670194836787866,126.0
571974,10346,John Ryan Murphy,-0.0671620296742268,100.0
607257,12606,Raffy Lopez,-0.0672884742176113,95.0
595238,15644,Jacob Hannemann,-0.06751927041786715,128.0
657108,20078,Evan White,-0.06812080706156262,173.0
664051,sa858829,Mitchell Tolman,-0.06815134478720311,173.0
665109,sa875840,Jordan Devencenzi,-0.07028902304169302,96.0
435064,6564,Bobby Wilson,-0.07047481597351458,56.0
460077,3411,Drew Butera,-0.0727965148018759,90.0
623305,sa658968,Ian Rice,-0.07289554147338156,117.0
642451,17307,Luis Liberato,-0.07305634564005488,165.0
543089,12782,Taylor Davis,-0.07404938924516422,124.0
656846,sa829115,Jake Peter,-0.07480962445113137,147.0
669016,20202,Brandon Marsh,-0.07496002181338099,207.0
592637,sa549926,D.J. Peterson,-0.07592473204402575,148.0
446192,9362,Adam Moore,-0.07608637164578816,74.0
667670,19627,Brent Rooker,-0.07649913357353101,150.0
623508,19250,Trent Giambrone,-0.07683652837534198,178.0
676809,sa915593,Tyler Friis,-0.07717157177444475,107.0
676801,19599,Chas McCormick,-0.07747769272027633,165.0
670042,19354,Luke Raley,-0.07756278634704719,165.0
656403,19873,Drew Ellis,-0.07874724129248639,170.0
444432,6876,Mark Trumbo,-0.08030270766228999,154.0
665066,21139,Tyler Payne,-0.08071047829214034,118.0
592530,15767,José Marmolejos,-0.08090085218633308,177.0
608384,14330,Nick Williams,-0.08129643871538422,177.0
572180,13132,Andrew Susac,-0.08134621409667096,65.0
628338,18721,Guillermo Heredia,-0.08218212263094563,130.0
674677,sa3006876,Trey Harris,-0.08238990488639596,184.0
593700,12926,Alen Hanson,-0.08247598185697215,119.0
493472,6938,Eric Campbell,-0.08388017174523194,132.0
642201,19346,Eli White,-0.08389433281115691,189.0
543376,7087,Caleb Joseph,-0.08461739233511806,95.0
664874,18887,Seby Zavala,-0.08512625584294087,141.0
519303,11155,Elliot Soto,-0.0857274585965663,145.0
457787,9219,Danny Espinosa,-0.08642082806123874,168.0
592656,11481,Henry Ramos,-0.08794550332472703,135.0
595426,12244,Brock Stassi,-0.08818349571749368,86.0
502570,10533,Rocky Gale,-0.08893064852648144,107.0
446386,2636,Brandon Guyer,-0.08927295803609388,78.0
666969,19287,Adolis García,-0.09022507445408963,189.0
640902,19802,Jhonny Pereda,-0.09032256386548909,158.0
657779,sa829483,Dom Thompson-Williams,-0.0909111169002618,167.0
641512,19644,Ben DeLuzio,-0.0911999744687911,151.0
641584,19260,Jake Fraley,-0.0918428122688516,156.0
657136,19896,Connor Wong,-0.09229422308284752,165.0
668671,sa3004878,Alex Dunlap,-0.09236674249589086,75.0
595284,14942,Andrew Knapp,-0.09300242204713904,84.0
624645,sa739577,Julian Leon,-0.0960391691613359,99.0
665862,20454,Jazz Chisholm Jr.,-0.09631642353541778,181.0
666128,20263,Mario Feliciano,-0.09712902530167095,175.0
624636,14558,Carlos Tocci,-0.09776394506477433,158.0
664850,18142,Patrick Mazeika,-0.09796485120777831,157.0
593525,11905,Orlando Calixte,-0.0980250882971731,142.0
425900,3179,Dioner Navarro,-0.09877174600736047,91.0
641453,sa873984,C.J. Chatham,-0.09884889113073525,178.0
545337,13267,Nolan Fontana,-0.10000338184958409,113.0
665650,18899,Lucius Fox,-0.10006667403519948,191.0
641319,15197,Carlos Asuaje,-0.10016899335737048,160.0
457477,3371,Alejandro De Aza,-0.10061411518198872,66.0
664088,sa858026,Connor Marabell,-0.10085748568939641,193.0
656847,19348,DJ Peters,-0.1010916497299458,203.0
657589,sa829575,Sal Giardina,-0.10142143809910742,50.0
573113,13443,Tony Renda,-0.10147083374231276,108.0
642727,16417,Sergio Alcántara,-0.10160496801823138,168.0
666023,21840,Freddy Fermin,-0.10232697374949237,115.0
650331,18365,Lewin Díaz,-0.1028124218257842,184.0
676639,sa3003964,Ryan Grotjohn,-0.10342671689740582,133.0
621006,17736,Richie Martin Jr.,-0.10361884462926038,153.0
596119,13176,Blake Swihart,-0.1053059487183425,87.0
596105,13473,Dwight Smith Jr.,-0.10666214494898518,160.0
656807,sa829375,Josh Ockimey,-0.1071432808195748,182.0
622226,15115,Dylan Cozens,-0.10865112551909395,148.0
456665,9957,Steve Pearce,-0.1095536723793678,64.0
641684,16285,Michael Hermosillo,-0.10987983383224462,152.0
641301,sa874070,Stephen Alemais,-0.11023371443018953,131.0
572008,10030,Chris Owings,-0.11211074506464214,147.0
669304,20538,Jose F Miranda,-0.11375892384069992,197.0
596107,sa827359,Eric Filia,-0.1169651987247205,140.0
434158,4747,Curtis Granderson,-0.11767754620573102,123.0
669357,22263,Nolan Gorman,-0.11783044370811023,184.0
608356,sa657873,Mitch Nay,-0.11838485183849679,160.0
591712,13490,Óscar Hernández,-0.1185323909661804,78.0
453203,4249,Shane Robinson,-0.11879923846178908,121.0
663743,21538,Nick Fortes,-0.11900799863883346,110.0
605509,13005,Kelby Tomlinson,-0.1197434833705198,132.0
641943,19818,Joshua Palacios,-0.12060010537015708,162.0
643275,15830,Johnny Davis,-0.12118356994915412,178.0
680552,24491,Travis Swaggerty,-0.12162569571985626,189.0
608382,sa737930,Erich Weiss,-0.12244349710421135,105.0
572033,9308,Josh Phegley,-0.12549431676543296,110.0
474443,9886,Iván De Jesús Jr.,-0.126181489829986,120.0
664247,18063,Kyle Garlick,-0.12816031511316126,143.0
674671,sa3004978,Robbie Glendinning,-0.12917380822008387,135.0
676646,19667,Zach Reks,-0.12951996089357015,169.0
607752,16263,Sam Travis,-0.12968426005046896,161.0
607471,13718,Christopher Bostick,-0.13022958730924744,180.0
668674,19360,Lucas Erceg,-0.1324013166902512,175.0
663799,18881,Curtis Terry,-0.13265068099639965,189.0
643419,sa737949,Sicnarf Loopstok,-0.1330444890110544,134.0
408234,1744,Miguel Cabrera,-0.13374127593053287,167.0
668888,sa917936,Hudson Potts,-0.134019783861483,192.0
676900,23559,Ryan Dorow,-0.13467064125370704,182.0
643335,15343,Zack Granite,-0.13545475199141882,187.0
592859,16041,Stevie Wilkerson,-0.13641019280887193,140.0
506997,6178,Tony Sanchez,-0.13733700260524986,93.0
621468,sa658601,Jacob Scavuzzo,-0.1384678986806891,121.0
621446,14352,Lewis Brinson,-0.13860092439474614,194.0
435622,6885,Ian Desmond,-0.13896097128477308,178.0
663630,19928,Ryan McKenna,-0.13996256699287934,210.0
640460,15189,Dustin Peterson,-0.14363519613359815,155.0
666783,18905,Yusniel Díaz,-0.14487855115951256,153.0
605125,11997,Cody Asche,-0.1462935959720173,118.0
455755,3878,Chris Stewart,-0.14830951682982998,39.0
671221,20505,Drew Waters,-0.1485053965010173,208.0
571437,11270,Aaron Altherr,-0.1486636153178629,118.0
445055,5227,Jon Jay,-0.14880744094206164,142.0
545338,10166,Nick Franklin,-0.15173577286811074,110.0
663905,18395,Travis Blankenhorn,-0.15176222074799933,185.0
571595,11894,Noel Cuevas,-0.15183275479733466,134.0
455104,8267,Chris Iannetta,-0.15340090066760703,86.0
624431,16725,Jose Trevino,-0.15395193821829053,127.0
665482,20233,Gilberto Celestino,-0.15427878925636693,193.0
641741,15697,Gosuke Katoh,-0.15569318204709645,159.0
656716,19392,Zach McKinstry,-0.156326798172173,168.0
660731,19909,Anderson Tejeda,-0.15640922886753772,148.0
607486,sa602546,Pat Cantwell,-0.15643416358473283,48.0
608671,13768,Travis Jankowski,-0.15814256172604294,122.0
543194,5238,Isaac Galloway,-0.15848895151928344,111.0
543232,sa454764,Bengie González,-0.15916326298072303,123.0
595981,14453,Scott Heineman,-0.15997316989112242,162.0
669200,22232,Mason McCoy,-0.16011206872375028,208.0
594838,10953,Phil Gosselin,-0.16111497594563853,140.0
656364,19872,Greg Deichmann,-0.16214477192597343,117.0
501983,2830,Travis Snider,-0.16219289123823477,138.0
640459,16398,Brian Navarreto,-0.16264106377966822,110.0
572669,10767,Lane Adams,-0.16329362051749705,123.0
460026,3376,Nick Hundley,-0.1642047517608749,83.0
670113,sa918418,Jim Haley,-0.16534897189408138,166.0
547912,10340,Gift Ngoepe,-0.16765240746487642,92.0
641882,sa737640,Thomas Milone,-0.16776947987148622,134.0
594953,14897,Daniel Palka,-0.16866387709031744,189.0
676426,sa3004726,Chris Sharpe,-0.1695387325359809,172.0
645917,sa745229,Marty Herum,-0.17070776870420973,134.0
460576,4881,Carlos Gómez,-0.1713850963347803,122.0
657145,16565,Mark Zagunis,-0.17150299674550426,145.0
657011,17478,Troy Stokes Jr.,-0.17267046802244615,178.0
672356,22563,Gabriel Arias,-0.1747666321932101,195.0
660634,19432,Yonny Hernández,-0.17509114405304668,193.0
641511,19806,Jason Delay,-0.17588616579217944,90.0
641477,15181,Ryan Cordell,-0.1776950577785773,111.0
642707,15722,Allen Córdoba,-0.17889352214381152,162.0
669738,19703,Jake Noll,-0.17934244347913014,192.0
665138,sa876363,Dalton Kelly,-0.17946236045736597,185.0
608701,13770,Rob Refsnyder,-0.18040296678036657,122.0
434778,8610,Kendrys Morales,-0.1814431597494578,109.0
669742,19717,Darick Hall,-0.18172907145896774,198.0
446868,5124,Wilkin Castillo,-0.18193227268141243,69.0
641938,sa858812,Arden Pabst,-0.18221414126498056,97.0
488912,5277,Tuffy Gosewisch,-0.18250291657578777,83.0
656582,16572,Connor Joe,-0.1826145236900053,160.0
400085,1101,Ichiro Suzuki,-0.18263823791085426,12.0
630111,17171,Yasmany Tomás,-0.1826479622865527,156.0
582473,13906,Sherman Johnson,-0.18278779552432212,123.0
596143,13153,Luis Sardinas,-0.18371422364081724,116.0
664159,sa858802,Donnie Dewees,-0.18385449134292142,182.0
657780,sa829401,Will Toffey,-0.18624705521902726,124.0
656896,19890,Emmanuel Rivera,-0.18632827324005485,198.0
643436,16524,Ryan McBroom,-0.1870676892347533,198.0
572804,9665,Cody Decker,-0.18829266092948635,70.0
664857,sa857217,Blake Allemand,-0.18896970521138964,117.0
425772,3448,Jeff Mathis,-0.18924646668900647,80.0
519184,4712,Ben Revere,-0.18933248491846905,103.0
663527,17893,Tyler Nevin,-0.1894679557187465,196.0
518542,7168,Juan Centeno,-0.19082631464551916,112.0
620449,sa736954,Luis Castro,-0.19111456419871534,181.0
543589,10294,Adrian Nieto,-0.19192757602919974,65.0
430945,6368,Adam Jones,-0.19237591831203718,199.0
605612,14691,Harold Castro,-0.19263351716584579,181.0
668904,20437,Royce Lewis,-0.19292174046958807,216.0
605231,sa829879,Roemon Fields,-0.19312483876619538,143.0
605474,12119,Matt Skole,-0.19336730491785986,167.0
669450,19458,Cooper Hummel,-0.19371649329631122,145.0
656713,20186,Brendan McKay,-0.19558674380945829,80.0
666931,19968,Jared Oliva,-0.19736187992760015,181.0
593528,12174,Jorge Bonifacio,-0.1976050531775624,178.0
433217,1907,Andrés Blanco,-0.1979568639730836,154.0
456488,6848,Eduardo Núñez,-0.19837473063472916,150.0
641468,sa857219,Gavin Collins,-0.19952647417354805,136.0
446263,2502,Lucas Duda,-0.19958693530707564,121.0
606956,12268,Ryan Court,-0.2002135310738514,130.0
663411,18399,Joe McCarthy,-0.20034394114700016,137.0
661388,20503,William Contreras,-0.2010735129694673,160.0
663457,21454,Lars Nootbaar,-0.20129211070008418,152.0
643524,15351,Frank Schwindel,-0.2014289040669321,179.0
656935,sa828808,Brian Schales,-0.20181521735231303,143.0
607780,sa602394,Eric Wood,-0.20370182916216967,128.0
660821,19913,Jesús Sánchez,-0.20420790618646878,186.0
489267,9682,Adam Rosales,-0.205266842487134,118.0
656275,sa915789,Dylan Busby,-0.20596286443839995,149.0
607635,sa602586,David Masters,-0.2060320879891445,118.0
650339,18371,Jermaine Palacios,-0.20608041662171306,135.0
664877,sa875583,Christian Kelley,-0.20679697408326014,120.0
608627,sa577859,Barrett Barnes,-0.20857075986133156,136.0
445988,3312,Martín Prado,-0.21022161296861863,106.0
641924,16448,Jacob Nottingham,-0.21056585004131498,127.0
676701,20056,Alan Trejo,-0.21073769672411993,179.0
466320,4022,Melky Cabrera,-0.2123715728039996,167.0
631227,sa740813,Rodrigo Orozco,-0.21321887222582825,151.0
664873,sa875579,Peter Van Gansen,-0.21332302630414407,131.0
451705,7125,Alberto Rosario,-0.2134622559013747,60.0
546990,14329,Anthony Alford,-0.21542579818758217,147.0
664011,18425,Trey Amburgey,-0.21767231362411563,191.0
573088,13444,Cameron Perkins,-0.21829859979110067,137.0
570489,10711,Arismendy Alcántara,-0.2189321735812715,144.0
608380,sa737690,Drew Ward,-0.22208331418896501,155.0
452254,8252,Hunter Pence,-0.2222096681076658,114.0
668930,22186,Brice Turang,-0.22580749017626034,199.0
657129,17910,Marcus Wilson,-0.22730300621567495,178.0
573131,9929,Darin Ruf,-0.22889777999457248,200.0
488818,6652,Chase d'Arnaud,-0.22986026585705552,129.0
605183,14282,Jason Coats,-0.23121935496507562,133.0
596144,10473,Cheslor Cuthbert,-0.23185516135999762,185.0
476633,2554,Chris Parmelee,-0.23376140066631967,106.0
605142,sa597776,Dante Bichette Jr.,-0.23436089233472773,125.0
668723,22165,Ryan Vilade,-0.23472294507012453,217.0
683734,26197,Andrew Vaughn,-0.23526462934481765,191.0
664057,17932,Andrew Stevenson,-0.23530565363689,175.0
663897,19931,Luke Williams,-0.2359010105159108,188.0
605148,sa599252,Zach Borenstein,-0.23678337189585635,163.0
663368,19921,Blake Perkins,-0.23817306060430105,192.0
573669,sa511026,Aderlin Rodríguez,-0.23861111490201814,163.0
642020,19824,Chuckie Robinson,-0.2389729274246526,146.0
657629,sa829805,Travis Jones,-0.2391972507143832,140.0
663692,sa875016,Jalen Miller,-0.24010803552933224,210.0
491676,4146,Gorkys Hernández,-0.24072216238440397,178.0
502285,3211,Tyler Ladendorf,-0.24183514431061126,61.0
608325,17005,Gavin Cecchini,-0.24308324489192784,144.0
670084,19577,Nick Heath,-0.24504124364753782,157.0
471865,7287,Carlos González,-0.24606684737474815,148.0
620446,16411,Richard Urena,-0.2468135000442831,192.0
657636,sa829219,Alec Keller,-0.24785606120850645,149.0
622046,17738,Chris Shaw,-0.24822794239012252,194.0
657088,16496,Forrest Wall,-0.25078928123522737,193.0
670582,sa920278,Yariel Gonzalez,-0.25101694407259556,168.0
405395,1177,Albert Pujols,-0.25196041814578585,174.0
669004,22197,MJ Melendez,-0.25206887249589116,164.0
672701,20540,José Devers,-0.25220560751842336,122.0
501647,8002,Wilin Rosario,-0.2528752180285953,164.0
605346,13663,Jack López,-0.25304072319726784,153.0
657434,16729,Brian O'Grady,-0.2563938304766593,167.0
434658,3708,Rajai Davis,-0.2580748664989181,114.0
681955,sa3008053,Sam McWilliams,-0.25986015705280036,112.0
596122,sa599333,Josh Tobias,-0.26048769873997324,132.0
683021,25353,Michael Stefanic,-0.26053653314345415,162.0
593527,14113,Ramón Torres,-0.26311912929019055,135.0
669675,sa874178,Mitch Longo,-0.2642294895068713,149.0
458689,9718,Chris Dominguez,-0.26575168804981875,109.0
656293,sa829534,Jodd Carter,-0.26580387889484336,166.0
473724,9373,Matt McBride,-0.2667929104464896,77.0
664938,sa875314,Josh Altmann,-0.26705006989408053,153.0
676901,sa3004517,Cam Balego,-0.26718919069768804,156.0
516472,10286,Francisco Arcia,-0.2674628785626138,95.0
657733,sa829199,Roberto Ramos,-0.26818705206374976,186.0
642344,sa736923,Jhon Nuñez,-0.26821823000328926,96.0
596068,sa599318,Mike Papi,-0.26966953472314803,128.0
606336,14515,Luis Marté,-0.27093216135835896,143.0
665833,21711,Oneil Cruz,-0.2715842929743968,147.0
664921,sa875695,Ian Sagdal,-0.2730979408079519,180.0
676116,23312,Ryan Noda,-0.27324639406391454,169.0
542642,4779,Rymer Liriano,-0.2735137528795773,135.0
666137,19952,Khalil Lee,-0.27622376133599513,197.0
671213,22514,Triston Casas,-0.2771110965189534,191.0
600931,sa660295,Alberto Mineo,-0.2780505976764126,124.0
657429,sa829039,Mac James,-0.2808685148811909,88.0
608654,15048,Johnny Field,-0.28114117972290104,138.0
606196,sa597177,Angelo Mora,-0.2821435340440067,136.0
600902,sa596287,Wilson Garcia,-0.2828652160531521,153.0
664770,18123,Nathan Lukes,-0.28291930082975697,151.0
670156,20017,Miles Mastrobuoni,-0.28378369297433215,165.0
671277,20391,Luis García Jr.,-0.2847090985862142,218.0
605530,sa857249,Zander Wiel,-0.28691148108755116,189.0
660844,21009,Leo Rivas,-0.2878683865173443,175.0
485567,9048,Ezequiel Carrera,-0.2881283620025549,87.0
543776,6677,JB Shuck,-0.2882711752197362,117.0
657658,16839,Braxton Lee,-0.2903248368261461,171.0
605253,13658,Terrance Gore,-0.29187639519879693,73.0
642350,17452,Jose Siri,-0.29252250986331324,190.0
623238,sa658290,Kody Eaves,-0.2929420164872313,161.0
518653,7290,Jake Elmore,-0.29308844704490783,153.0
669392,22274,Samad Taylor,-0.2935287886566246,173.0
657017,sa709546,Cole Sturgeon,-0.2937681075907632,150.0
460060,3395,Cliff Pennington,-0.29437229329769943,74.0
542993,12701,Billy Burns,-0.2959426909371712,135.0
675925,sa3003959,Cullen Large,-0.29663682828705706,153.0
681804,sa3006727,Chris Bec,-0.2969341179778788,77.0
620442,sa739597,Wendell Rijo,-0.29764817210136907,140.0
600861,sa597088,Jeffrey Baez,-0.2981751183238009,140.0
592647,12797,Dalton Pompey,-0.30145036776300405,71.0
656484,19877,Tristan Gray,-0.3017921029376612,176.0
676551,20450,Brewer Hicklen,-0.30199694803178734,170.0
643271,17473,Narciso Crook,-0.3047326161941054,139.0
642227,sa738419,Stephen Wrenn,-0.3052600484391501,179.0
474319,9856,Brandon Snyder,-0.30581957040143626,157.0
656695,20165,J.J. Matijevic,-0.30854324875504946,141.0
663616,21501,Trevor Larnach,-0.3104893683986143,191.0
672820,22896,Lenyn Sosa,-0.3147576698765152,193.0
461314,5631,Matt Kemp,-0.3148743429474915,155.0
621560,sa658271,Bruce Caldwell,-0.31580867213260777,145.0
669344,sa873990,Vince Fernandez,-0.31592603851809165,143.0
600290,sa602687,Matt Snyder,-0.31684778011076203,56.0
669945,sa918963,Chavez Young,-0.3174338278247772,184.0
664913,18171,Seth Brown,-0.31877824277468636,208.0
457574,2677,Jordan Pacheco,-0.31893267732765795,87.0
518490,10607,Bryce Brentz,-0.3192465776322968,133.0
444876,6310,Alcides Escobar,-0.31955950162594815,182.0
667727,22093,Steele Walker,-0.3201662435450036,189.0
644375,sa830277,Kungkuan Giljegiljaw,-0.32045641073973374,133.0
623513,sa658994,Tyler Krieger,-0.3209871666520621,154.0
623912,14387,Harold Ramírez,-0.32141062395847253,204.0
448602,7619,Mark Reynolds,-0.32165748775929187,125.0
670466,sa918611,Chad Sedio,-0.32253187521187593,137.0
676730,sa3004170,Austin Listi,-0.32377256779544067,184.0
623515,17807,Drew Jackson,-0.3242295864917122,143.0
664059,18054,Sam Haggerty,-0.32498567173445975,150.0
664167,17588,Blake Trahan,-0.3251837621285963,174.0
607207,sa599216,Austin Davidson,-0.3258167596362464,140.0
605508,12983,Charlie Tilson,-0.32663660503769265,149.0
650958,sa823925,Michael De León,-0.3279939343423762,201.0
546994,sa658616,C.J. Hinojosa,-0.3290865329787029,166.0
623300,sa659079,Austin Rei,-0.3306283485735112,103.0
657446,sa829122,Zack Zehner,-0.3312605791018871,162.0
650528,sa3004128,Laz Rivera,-0.33145488643392174,179.0
667667,sa915617,Ryan Gridley,-0.333703458438676,158.0
466988,4054,Emilio Bonifácio,-0.33535692984308063,101.0
670128,19212,Taylor Kohlwey,-0.33791017477164476,126.0
657444,sa829126,Bo Way,-0.3385320381029046,197.0
680118,19779,Dairon Blanco,-0.34099956185503527,165.0
642021,sa857819,Errol Robinson,-0.34134840604815886,156.0
605439,13228,Michael Reed,-0.3417480161239299,118.0
656568,20501,Scott Hurst,-0.3453266246902925,143.0
571579,sa502309,Edgar Corcino,-0.3454398893879472,134.0
572227,13269,Zach Vincej,-0.34646689702395195,153.0
596018,sa597839,Patrick Leonard,-0.3473782760454727,167.0
658668,19698,Edward Olivares,-0.348848456211225,210.0
642156,15207,Stuart Turner,-0.3489375500888492,60.0
668721,22164,Payton Henry,-0.34915999318503943,172.0
650700,sa827960,Luis Carpio,-0.3493014747366923,162.0
643268,sa738703,Jordan Cowan,-0.3514661533233477,180.0
670148,19563,Nate Mondou,-0.3527970628467165,195.0
571841,7740,Ty Kelly,-0.3531065822303195,126.0
457706,9848,Austin Jackson,-0.3536448333053178,101.0
656953,sa915847,Colton Shaver,-0.35370727201632846,170.0
641999,19170,Corey Ray,-0.3542020602950046,165.0
642197,15504,Jamie Westbrook,-0.35421250612550886,185.0
641929,15535,Joseph Odom,-0.354277048233591,128.0
681584,24782,David Villar,-0.354755242659675,176.0
489365,9689,Josh Thole,-0.35600845099089645,82.0
671218,22515,Heliot Ramos,-0.3575372148363226,183.0
676595,sa3004160,Jake Scheiner,-0.3581743196763158,184.0
656260,sa829783,Quinn Brodey,-0.3616256865248109,174.0
594872,sa548556,Hunter Jones,-0.36322809422469987,139.0
659003,sa836204,Billy Fleming,-0.36378915014128355,105.0
665161,21636,Jeremy Peña,-0.3667114385798047,176.0
643269,19267,Will Craig,-0.36745455915187675,202.0
665155,21635,Nick Maton,-0.36818360513655524,178.0
605381,sa526207,Levi Michael,-0.37098743171802256,156.0
682183,25183,Drew Avans,-0.371561604836005,153.0
676946,20157,Matthew Batten,-0.37255606815140774,136.0
641802,sa738434,Nick Longhi,-0.37392158132942915,151.0
477054,9875,Trayvon Robinson,-0.37472854310563575,121.0
615699,19528,Jacob Robson,-0.37497124533086035,174.0
641336,sa873982,Nick Banks,-0.3750516418221839,179.0
670770,19522,TJ Friedl,-0.37614216923673943,169.0
670143,sa918257,Danny Woodrow,-0.3762514752481456,166.0
670092,19384,Trenton Brooks,-0.3768627152151801,172.0
622713,15481,Engelb Vielma,-0.3786721956893457,115.0
667674,19634,Jack Kruger,-0.38494136150345654,151.0
592881,sa621577,Kyle Wren,-0.3854803832475315,144.0
605504,12719,Dillon Thomas,-0.38826636328554054,168.0
621443,sa658608,Rhett Wiseman,-0.3887576993210788,163.0
667398,sa3004930,Austen Wade,-0.39072242581604427,90.0
665227,sa876814,Nash Knight,-0.3910248130866335,152.0
641385,sa918769,Bret Boswell,-0.3915986315484092,163.0
607369,11935,Travis Taijeron,-0.391917800679114,166.0
660766,18400,Juan Yepez,-0.3919245783571545,131.0
621457,sa658195,Connor Lien,-0.3927530935896539,113.0
676813,sa3004062,Zane Gurwitz,-0.39812434468969365,137.0
641779,19813,Charles Leblanc,-0.39832757693096676,191.0
669262,sa873260,Tyler Ramirez,-0.39950199085793436,186.0
676480,23378,José Barrero,-0.3996447331655857,187.0
622541,sa657479,Malquin Canelo,-0.39989445952265745,179.0
660707,20543,Elehuris Montero,-0.400416769070999,157.0
670352,sa918694,Ben Ruta,-0.40089654141731346,172.0
676694,20308,Jake Meyers,-0.40192594951781613,176.0
622057,sa659281,Cam Gibson,-0.4046273068654346,167.0
656765,sa3004032,Joey Morgan,-0.4070038976275494,99.0
488721,2578,Peter Bourjos,-0.4108521584018252,92.0
621462,sa873699,Cole Billingsley,-0.4130203644754363,157.0
624417,sa829857,Bryson Brigman,-0.4136391501449681,182.0
656708,sa3006710,Keegan McGovern,-0.4140346528289417,126.0
621521,sa875185,Brian Mundell,-0.4143265056524495,179.0
669686,sa874101,Michael Paez,-0.41453409877376646,159.0
488681,629,Brandon Barnes,-0.41905841248410813,178.0
672350,sa975161,Yanio Perez,-0.4194619611618958,165.0
607240,sa597966,Dan Gamache,-0.4195004840344755,133.0
663845,21560,Alfonso Rivas III,-0.420515527798949,189.0
657075,sa915673,Jeremy Vasquez,-0.42132770916808737,206.0
676443,sa3004390,Demetrius Sims,-0.4218127666376007,143.0
670106,sa915838,Cole Freeman,-0.42224359353808816,198.0
657086,sa829364,Jared Walker,-0.4240257985521184,153.0
657757,19901,Gavin Sheets,-0.42615328084028126,197.0
605490,13356,Bubba Starling,-0.42692732214227824,161.0
669737,sa918028,Henri Lartigue,-0.42695494067048,124.0
623509,sa658828,Vance Vizcaino,-0.42832870357652886,127.0
664314,19151,Estevan Florial,-0.4286331141990239,140.0
448801,9272,Chris Davis,-0.43170886120941765,156.0
641685,sa737639,Jan Hernandez,-0.43258892800356485,122.0
592205,sa549286,Ryan Casteel,-0.43534269780515034,157.0
547181,sa548175,Matt Lipka,-0.4354444350914365,136.0
665285,sa877608,Peter Maris,-0.4364610911966596,124.0
542419,sa507143,Ali Castillo,-0.4370445519995212,169.0
668843,19983,Conner Capel,-0.4374118773677753,173.0
664677,sa875340,Garrett Benge,-0.44336742808124624,132.0
656541,17954,Sam Hilliard,-0.4447313128505582,220.0
680760,sa3007303,Fabian Pena,-0.44501742768045727,59.0
667488,sa3008248,Michael Davis,-0.44527773303910656,90.0
675649,20047,Brian Miller,-0.4453780824959679,189.0
608421,sa657261,Eliezer Álvarez,-0.4458283314161347,154.0
676695,sa3003965,Cole Peterson,-0.4461912930312169,167.0
665922,19553,Símon Muzziotti,-0.4464807820223207,178.0
641296,sa705802,Mike Ahmed,-0.4466187428412906,95.0
608360,19245,Chris Okey,-0.44691278816943736,104.0
666126,21842,Carlos Cortes,-0.4493036843643417,185.0
680837,24622,Ryan Fitzgerald,-0.4513325198434871,180.0
605343,sa598065,Daniel Lockhart,-0.4545097266757052,125.0
592256,sa548189,Kellin Deglan,-0.4566214221204935,89.0
642769,sa736917,Victor Acosta,-0.4572457041259216,152.0
623173,sa658001,Chuck Taylor,-0.4574342406419021,182.0
666620,sa917352,Aramis Ademan,-0.4590248545803195,172.0
642002,sa738683,Michael Reed,-0.4593104852929174,167.0
642462,sa737017,Ibandel Isabel,-0.4637013936505646,155.0
655996,sa829387,Cristian Santana,-0.465120135761144,189.0
605227,12590,Taylor Featherston,-0.4657482675208878,151.0
656413,20321,Stuart Fairchild,-0.4667099627602831,173.0
641807,sa857730,Brennon Lund,-0.467749770104402,200.0
656668,sa3002834,Brock Lundquist,-0.47051633123432873,159.0
453527,7349,Sean Kazmar Jr.,-0.4711880044752704,136.0
663932,sa876146,L.T. Tolbert,-0.4715377310959405,151.0
593137,sa548029,Erick Salcedo,-0.4717216401404416,156.0
664031,sa857225,Ryan Howard,-0.47539489347154745,195.0
451089,7423,Shane Peterson,-0.47601285328125015,133.0
657089,sa3004813,Logan Warmoth,-0.47624348949372364,145.0
669008,19710,Ronnie Dawson,-0.4767252242207073,187.0
645283,sa827970,Manuel Geraldo,-0.4782458206836448,195.0
644407,sa747574,Johan Mieses,-0.47932810722198016,178.0
666703,19964,Eguy Rosario,-0.4804453972874092,198.0
656309,sa829813,Carl Chester,-0.481126877215417,179.0
595963,13180,Tyler Goeddel,-0.4825460859043963,115.0
660620,20275,Jonathan Araúz,-0.48905603653851565,188.0
656656,sa829044,Trace Loehr,-0.4896712039315604,167.0
666160,19956,Mickey Moniak,-0.49131824124827794,193.0
642423,17023,Magneuris Sierra,-0.4930949447709322,216.0
655997,sa830204,Jomar Reyes,-0.49353046269525724,174.0
656631,sa918272,Alex Kowalczyk,-0.49404376409009565,116.0
570716,sa505526,Anderson Feliz,-0.49644878898702244,134.0
656388,19727,Joe Dunand,-0.5029377726065322,197.0
664104,sa918131,Tyler Neslony,-0.5066052357703837,134.0
676071,sa3004804,Brett Netzer,-0.5076903556231925,187.0
666143,sa917934,Joe Rizzo,-0.5089554612895766,219.0
677690,sa3005308,Diosbel Arias,-0.509857458753232,191.0
669399,sa915865,Deon Stafford,-0.5101600389458191,122.0
453923,3123,Grégor Blanco,-0.5119057078240616,131.0
572182,13284,Darnell Sweeney,-0.5132374827891565,128.0
665828,21707,Oswaldo Cabrera,-0.5135813680243391,196.0
451192,6448,James Adduci,-0.5138377737287019,137.0
660650,20926,Dérmis Garcia,-0.5169924360593158,136.0
642461,sa736945,Michael Beltre,-0.5170088119551267,150.0
660758,19910,Sandro Fabian,-0.518265727044265,140.0
664080,sa3003950,Luke Burch,-0.5187017707640929,111.0
656736,sa915707,Kevin Merrell,-0.5210105507805242,170.0
640488,sa735846,Grenny Cumana,-0.5289334826355366,104.0
670427,sa873988,Camden Duzenack,-0.5290130517779749,160.0
641323,sa738445,Luis Aviles Jr.,-0.530426889649112,162.0
665779,sa917319,Carlos Rincon,-0.5350915790142603,171.0
663605,sa874244,Garrett Whitley,-0.5365011163511444,164.0
572204,9952,Trayce Thompson,-0.5368598779103108,132.0
671250,20040,Jorge Ona,-0.5377213897134677,122.0
664848,18603,Donny Sands,-0.5389663131063931,106.0
593523,13154,Marco Hernández,-0.5398445407266056,132.0
656462,sa829343,Isiah Gilliam,-0.5432049645871251,181.0
664009,sa875352,Brantley Bell,-0.5440368355084122,166.0
666211,19960,Taylor Trammell,-0.5463354692394871,192.0
643198,sa738199,Jonah Arenado,-0.5485832793630909,168.0
656508,sa829382,K.J. Harrison,-0.5498466838742703,182.0
682007,sa3006791,Connor Kopach,-0.5526398791800795,169.0
621545,19788,Zach Remillard,-0.5545152264100989,180.0
642836,sa737838,Charcer Burks,-0.5566813649863956,179.0
642488,sa736911,Ademar Rifaela,-0.5580363621641824,158.0
656431,sa828696,Ti'Quan Forbes,-0.559057350647295,177.0
642282,sa736995,Juremi Profar,-0.5610396904690309,179.0
661541,sa915654,Donovan Casey,-0.5616890430223641,179.0
660662,sa872571,Edgardo Fermin,-0.5618717389214648,140.0
642137,19828,Cody Thomas,-0.565024763501982,194.0
665861,21735,Sebastián Rivero,-0.565486994200417,128.0
666784,sa914242,Omar Estévez,-0.5664558285244274,175.0
670895,sa922180,Alfredo Rodriguez,-0.5669141079466666,184.0
605248,sa597785,Granden Goetzman,-0.5714383700564034,114.0
656274,sa828876,D.J. Burt,-0.5830981095586312,149.0
656448,19273,Stone Garrett,-0.5887931607532475,160.0
656607,sa829529,Jeren Kendall,-0.592753467874954,161.0
664279,sa875875,Wagner Lagrange,-0.5939763712493623,150.0
643348,19842,Caleb Hamilton,-0.603290677963952,135.0
666164,19957,Blake Rutherford,-0.6032934877819209,188.0
660614,sa877497,Arquímedes Gamboa,-0.6040010024239604,178.0
641870,sa737859,Trey Michalczewski,-0.6047935524271293,156.0
519421,11251,Andy Wilkins,-0.6067482485293699,89.0
660631,sa872466,Kevin Vicuña,-0.6103159704623626,175.0
642362,sa736999,Brallan Perez,-0.6109813284479793,140.0
641561,16446,Johneshwy Fargas,-0.614452404110812,157.0
650520,sa830303,Micker Adolfo,-0.614914344170799,106.0
608383,sa658966,Mikey White,-0.6154344802793809,163.0
677213,sa3004078,Pat McInerney,-0.6170924374714686,118.0
546992,sa827344,Chris Chinea,-0.6223227925261416,143.0
602115,14528,Gabriel Guerrero,-0.6238008131333441,178.0
656537,16947,Derek Hill,-0.6270222459992324,176.0
598284,13288,Peter O'Brien,-0.6275558506830601,147.0
623507,17737,Josh Lester,-0.6380430946587957,191.0
641689,sa738955,Jacob Heyward,-0.6393063775750611,176.0
675993,sa915820,Zach Kirtley,-0.641199907273714,155.0
669157,sa3004968,Tristen Lutz,-0.6439791265887446,186.0
650694,sa827979,Joantgel Segovia,-0.6440556725680222,185.0
668751,22169,Cal Mitchell,-0.6514594078634062,192.0
656989,sa3004242,Chad Spanberger,-0.6538850843076347,178.0
671265,sa3003195,Freudis Nova,-0.6540423787640577,124.0
660556,sa873181,Raúl Hernández,-0.6550410082461681,97.0
663609,21497,Luken Baker,-0.6566720515635288,179.0
657510,sa829787,Andrew Bechtold,-0.6593766547712521,165.0
607178,sa602429,Drew Weeks,-0.660730288981376,165.0
641991,sa737904,Heath Quinn,-0.663588477103332,134.0
669723,sa874235,Blake Tiberi,-0.6661387172690139,180.0
676629,sa3004934,Riley Delgado,-0.6701318110572165,200.0
669369,20002,Bryce Johnson,-0.675528054170482,190.0
621420,sa659290,David Thompson,-0.6765653679876387,172.0
669235,sa873277,Aaron Knapp,-0.6766764199642509,146.0
608364,sa658264,Nellie Rodriguez,-0.6787788404917567,142.0
642720,sa736824,Ray-Patrick Didder,-0.6790647881568483,166.0
642279,sa739574,Samir Dueñez,-0.6845293877541803,176.0
666922,19967,Ryan Aguilar,-0.690020110411629,179.0
664930,sa875822,Logan Hill,-0.694001580871134,174.0
676632,20054,Bligh Madris,-0.6941961266600195,177.0
621575,sa658025,Joey Curletta,-0.6947129963794754,185.0
660563,sa872490,Joseph Rosa,-0.7036977949566251,186.0
621324,sa621361,Preston Beck,-0.7096652886111648,163.0
663330,18872,Jahmai Jones,-0.7108721429434045,206.0
679881,24451,J.P. Martínez,-0.7117268959037943,172.0
680571,sa3007044,Greyson Jenista,-0.7122552219964766,172.0
669745,sa915727,Jordan Zimmerman,-0.715802314242944,191.0
641459,sa738624,Kacy Clemens,-0.7233989629932105,163.0
622197,sa658166,Rashad Crawford,-0.7247571700103109,157.0
664081,sa875606,Mylz Jones,-0.7359430822650397,159.0
650560,sa828299,Osvaldo Duarte,-0.7374652621686827,182.0
641740,sa738977,Mark Karaviotis,-0.7382861804746264,144.0
656449,sa828685,Jake Gatewood,-0.7387196742230244,168.0
672906,sa3002722,Lazaro Alonso,-0.7409274143847355,163.0
671271,sa3004146,Jeisson Rosario,-0.7567680690788101,198.0
621437,sa658012,Bralin Jackson,-0.7588224666239957,110.0
663478,18587,Brendon Davis,-0.7711646629444167,164.0
657669,sa829844,Riley Mahan,-0.7873301657835786,177.0
667452,20311,Corey Julks,-0.7947265979451112,171.0
641945,sa857823,Preston Palmeiro,-0.8010202421020536,176.0
670461,sa918641,Connor Myers,-0.8108506699794281,138.0
656352,sa828679,Braxton Davidson,-0.8109286604000903,143.0
677223,20510,Jack Larsen,-0.8112581281194018,174.0
621469,sa658567,Tate Matheny,-0.8170799178049,156.0
665776,sa917074,Pedro Castellanos,-0.8290157640280011,183.0
642688,sa736694,Jorma Rodriguez,-0.8381580345118558,134.0
650531,sa875647,Brad Zunica,-0.8423793814072787,165.0
660757,20970,Oscar Gonzalez,-0.8424456523606457,194.0
650559,19600,Bryan De La Cruz,-0.8508595934053556,188.0
607088,sa599740,Jerrick Suiter,-0.8532830696670962,155.0
622561,sa657511,Jhoan Urena,-0.859218746383952,191.0
656950,sa829114,Anfernee Seymour,-0.8628057469420248,148.0
630155,sa550175,Michael O'Neill,-0.8632603345947705,159.0
668706,sa918203,Josh Stephen,-0.8865724135737916,159.0
663524,sa874241,Cornelius Randolph,-0.8951831634959772,164.0
666964,sa3004137,Mitch Reeves,-0.922839776084849,170.0
671242,sa908626,Anibal Sierra,-0.9459724974340954,153.0
640492,18821,José Azócar,-0.9739610795025024,191.0
609274,13750,Elier Hernandez,-0.9844671992011108,170.0
680683,sa3007046,Jameson Hannah,-1.0224701521409223,183.0
621445,sa657904,Courtney Hawkins,-1.0432218652277825,154.0
670860,sa969091,Lazaro Armenteros,-1.0950792677698817,188.0
621323,sa659068,Gio Brusa,-1.1212615514182689,159.0
628297,sa323152,Tim Tebow,-1.2832127671075464,120.0
