feature,reliability_r,stabilize_n,pred_split_r,pred_yoy_r,pred_yoy_paxw_r,curr_r,n_split,n_pairs
kPct,0.6360914304104754,398.2721834263665,0.41747744320411767,0.5102537848368036,-0.5148865344601337,0.7106201116226918,4202,898
stuffRaw,0.9429331377268069,42.13183091584318,0.4057624238459019,0.4850358931000934,-0.45513168023225675,0.5332724404982427,4186,895
cswPct,0.5968607750514499,470.2071782772308,0.4047617290432416,0.4551014573195146,-0.44553413131072633,0.6804682127155061,4202,898
kbbPct,0.5138055329042306,658.7467301268772,0.39981385138385,0.4659759424079562,-0.4639396920960582,0.7594272677645985,4202,898
xrv100,0.3996776187915143,1045.6394082266465,0.39901836158410975,0.49142160272631474,-0.46928095575752277,0.9999999999999999,4202,898
paxw,0.3772860249010544,1149.0134978106337,-0.3823865785108279,-0.47721767414465766,0.4551273733582993,-0.9862246812426402,4202,898
whiffPct,0.7154817997310751,276.8335353662029,0.37965458757368875,0.44719423183196066,-0.44991263016572824,0.5752016552990609,4202,898
contactPct,0.7154817997310752,276.8335353662028,-0.37965458757368875,-0.44719423183196066,0.4499126301657282,-0.5752016552990605,4202,898
izContactPct,0.6229029397008057,421.4441241826406,-0.3619415120282971,-0.4568730364308063,0.4578387113783471,-0.5543701228851148,4202,898
izWhiffPct,0.6229029397008057,421.4441241826406,0.36194151202829705,0.4568730364308062,-0.4578387113783471,0.5543701228851149,4202,898
putawayPct,0.4764497406909857,764.97725232363,0.3566345681103512,0.44247354660368843,-0.4489344324777949,0.6634714099786928,4202,898
fipCore,0.35157184149725706,1283.9704219490786,-0.3513405801342142,-0.4284213646653782,0.4014181667322765,-0.8177697416802553,4202,898
weakSideXrv100,0.2754243447131091,1831.422942295251,0.3270777472898129,0.42110394472740775,-0.4056354423154197,0.8938145876562893,4108,898
twoStrikeWhiffPct,0.5117003394859361,664.3209585146026,0.32323069753940126,0.40991491206938646,-0.41784700976493294,0.5714465580058324,4202,898
woba,0.2708824938486694,1873.8025412567058,-0.3209261881916913,-0.3727370030757493,0.35321300457982446,-0.8271421030358321,4202,898
ops,0.2728590742511593,1855.1858549217818,-0.3208250596400318,-0.3803337771450548,0.3575158644823401,-0.8177687366117108,4202,898
rv100,0.2667002163210772,1914.1035371431767,0.317976889093267,0.35598341236687536,-0.33977954590516457,0.825967955723249,4202,898
slg,0.27990166442276765,1790.991657895948,-0.30478803908605107,-0.37992058437416404,0.3546152425217106,-0.7571973884267533,4202,898
worstPitchXrv100,0.3120572177803203,1534.706467203653,0.3005166201252238,0.33244064912951365,-0.3206110450668385,0.7288806019623391,4202,898
avg,0.30054439910891667,1620.1631499377793,-0.29040710424314475,-0.3764014892615073,0.3693595527101575,-0.7068512402845394,4202,898
obp,0.28776620087605675,1723.018866927077,-0.2795235419364326,-0.29075560972433373,0.2781485846800094,-0.7384295899026918,4202,898
bbToK,0.36263979094275944,1223.5359315746878,-0.2709207526008183,-0.2720983493215461,0.2615032326797862,-0.6054293458054499,4202,898
chasePct,0.5274727414956937,623.6401712955799,0.2699228204814607,0.22051667680442957,-0.19723432767755902,0.4519538790581927,4202,898
pitchesPerG,0.9909161871190323,6.38173099223597,-0.26197581555748073,-0.3324125751073203,0.2746515174967654,-0.3384402316717992,4202,898
fbVelo,0.9950719544024367,3.447684119024153,0.2544644929053578,0.283554554390675,-0.2705300689536797,0.3184855301966564,4166,892
bestPitchXrv100,0.249340690453419,2095.8343505735984,0.24839528327551844,0.4172348795980708,-0.40078853921211877,0.7517129799787289,4202,898
strikePct,0.612435748147705,440.5451413825474,0.24786308411945795,0.16577496358427377,-0.1402727815335364,0.41302090525517354,4202,898
iso,0.2559742892859136,2023.4796189063322,-0.243005727294371,-0.2911845308730808,0.2577404371596968,-0.6149053498030934,4202,898
veloP90,0.9942768521140937,4.007143326198376,0.24178843658436616,0.286803771998824,-0.2763090856737567,0.3056224657940515,4202,898
usageEntropy,0.9858915681030691,9.962236114088244,-0.23430101442084186,-0.2702423878186513,0.2496034488355061,-0.31124438209128674,4202,898
nTypes5,0.9268440180590345,54.94781528172507,-0.2154800255361993,-0.23412425315493646,0.21516655155573436,-0.2852902696786604,4202,898
avgVelo,0.9890953036596164,7.675075803463081,0.21511827277567347,0.23397085338138365,-0.2230365042066692,0.26179859978411973,4202,898
avgEV,0.40077092445457024,1040.887776221381,-0.20635696212631013,-0.24061840931119538,0.22161939065588365,-0.46289738598215846,4202,898
ev50,0.37091127065757407,1180.7259579736626,-0.20617375562899848,-0.2516881863588596,0.23511300267391078,-0.5203600932598571,4202,898
izSwChase,0.5116052895534445,664.5737184981737,-0.20421247558366243,-0.1803508497135686,0.15324436459101146,-0.36486775783916575,4202,898
xrvoe,0.2367684532045252,2244.0871183595636,0.20108684266492724,0.24486031195883526,-0.23220621329685745,0.7986760638210878,4186,895
hardHitPct,0.2968974525984943,1648.6157212283858,-0.18138507434739976,-0.23518681544277487,0.22553210916415106,-0.47831278814174655,4202,898
xwobacon,0.15148862464491816,3899.284138790723,-0.1794546288151676,-0.26236413229339556,0.2291083898129979,-0.7370371658869439,4202,898
locRaw,0.764365517046895,214.60754982889915,0.17854707137814574,0.09359266677885521,-0.08667674411594058,0.2856723343929122,4202,898
swingPct,0.6483898846692565,377.51339553167617,0.173523616877112,0.1173597059842997,-0.10865971218225866,0.2577164467507944,4202,898
barrelPct,0.20770462339308113,2655.5115500465995,-0.15630490040908485,-0.20471255287170248,0.17634632577939283,-0.5187567882745273,4202,898
oneOneWinPct,0.18107550963931918,3148.410700651391,0.1448547271920091,0.11550385313107718,-0.1023969904664882,0.2742003457704885,4202,898
fpsPct,0.4319412232314507,915.5369093138113,0.14248948176885873,0.030323519292188555,-0.010483597154372906,0.22933664502897852,4202,898
avgFbDist,0.14976364137722964,3952.214603866033,-0.13375173031341467,-0.19240229074600482,0.17244524288536062,-0.4577997275364319,4202,898
fpSwingPct,0.48610358486642946,735.9596447857641,0.11353203287319788,0.057924454010657704,-0.05367069915165377,0.14680518982151738,4202,898
hrFbPct,0.07913445284181639,8100.985555193707,-0.11155010759545611,-0.15798664441848603,0.12631258122504,-0.4438510418036468,4202,898
maxEV,0.19703925866514876,2836.9310727420775,-0.10392333783930012,-0.13929004130959186,0.10558285270916767,-0.1954752112268303,4202,898
relStdX,0.9476312614614842,38.47157534977932,-0.09060973709848757,-0.005475606377379478,0.0021855576667435903,-0.11274990919523248,4202,898
extension,0.9961630164184639,2.6814318503120025,0.0886060051467126,0.11248289551641849,-0.11664053258060295,0.11337277740772322,4202,898
earlyActionPct,0.46586091151937914,798.1882415540499,-0.08349185198984675,-0.2524335061349921,0.2626515370328038,-0.17955872197085251,4202,898
locScatter,0.8524877716373057,120.46117705964943,-0.08288954418938299,0.03622980632304036,-0.06060602700790465,-0.11398555432990304,4202,898
pullPct,0.33310278477615274,1393.7596179554218,-0.08064591313612679,-0.11689291996503004,0.11632076760414516,-0.16970006832167409,4202,898
oppoPct,0.2989511146364349,1632.5081684239092,0.08038906821610632,0.143354579243713,-0.11937376620460742,0.21692164324517682,4202,898
airPullPct,0.40246898753790455,1033.5589836547304,-0.07300453092775541,-0.1092828421146899,0.08701969981991017,-0.23764678511062154,4202,898
ldPct,0.06003256845996806,10900.166159837216,-0.0728595750568291,-0.17130227936913614,0.15880841658986325,-0.3480587078508796,4202,898
babip,0.0944000988505147,6678.380422254976,-0.0709671058365857,-0.06421458004376235,0.06399045879189573,-0.3014302832569374,4202,898
gbPct,0.6767159455015352,332.571562746786,0.05829857211421701,0.07306659107978648,-0.04727684730667538,0.13758040185414147,4202,898
fbPct,0.5480442847525816,574.0998937027939,-0.05791596831384483,-0.05164779728270861,0.025510478779593494,-0.08952859011592162,4202,898
izPct,0.7119038547454878,281.72367162176096,0.0577075443599781,0.028164489865638933,-0.01842715257061114,0.08606048957993892,4202,898
heartPct,0.608761546755696,447.40574692260105,0.057321391353176016,0.0577776980712806,-0.04814495110035497,0.08272364728213193,4202,898
puPct,0.39038232123365263,1087.112896270833,0.05295422580132745,0.07874154177248846,-0.08748576132615968,0.1746758111262495,4202,898
avgHrDist,0.04529097621643342,14674.610493582994,-0.05226041091092927,-0.09119117460116062,0.07343740529963233,-0.20848615794745284,4062,897
bbPct,0.4362458618964287,899.633583191775,-0.049096753661452504,0.04372702464348315,-0.05817767032109289,-0.19182077625250252,4202,898
medLA,0.6772590492592568,331.7466104841628,-0.034067660158883115,-0.04781557242073355,0.021266944442642512,-0.07724265100953723,4202,898
platoonGap,0.023559794440429254,28852.36339220921,0.0157099370473307,0.01126384478749095,-0.008558240724332762,-0.017647286034810233,4108,898
relStdZ,0.8414677167786949,131.15579751905673,0.010279013319847529,0.055141646093905254,-0.044007515912319245,0.014284313402587945,4202,898
izSwingPct,0.6166622562164008,432.7543596191191,-0.007290247778608517,-0.023280918592680003,0.010888845703724167,-0.042385374904098105,4202,898
zoneBehindPct,0.4422541898270736,877.9536675189714,0.00723923635688126,-0.024107270639574102,0.0296018859872379,0.0651148364125432,4202,898
middlePct,0.0607684212137794,10759.744766440843,0.0027163124074500557,-0.010402001793398126,-0.01762982874967911,-0.036347027025223896,4202,898
